currentNumberOfWords,maxNumberOfWords,currentTime,timeWithMaxWords,convergenceTime,maxNumberOfDifferentWords,currentNumberOfDifferentWords
0,0,0,0,0,0,0
0,0,1,0,1,0,0
2,2,2,2,2,1,1
4,4,3,3,3,2,2
6,6,4,4,4,3,3
8,8,5,5,5,4,4
10,10,6,6,6,5,5
12,12,7,7,7,6,6
14,14,8,8,8,7,7
16,16,9,9,9,8,8
18,18,10,10,10,9,9
20,20,11,11,11,10,10
22,22,12,12,12,11,11
24,24,13,13,13,12,12
26,26,14,14,14,13,13
27,27,15,15,15,13,13
29,29,16,16,16,14,14
31,31,17,17,17,15,15
33,33,18,18,18,16,16
35,35,19,19,19,17,17
37,37,20,20,20,18,18
38,38,21,21,21,18,18
40,40,22,22,22,19,19
41,41,23,23,23,19,19
43,43,24,24,24,20,20
45,45,25,25,25,21,21
47,47,26,26,26,22,22
49,49,27,27,27,23,23
51,51,28,28,28,24,24
52,52,29,29,29,24,24
52,52,30,29,30,24,24
54,54,31,31,31,25,25
56,56,32,32,32,26,26
58,58,33,33,33,27,27
60,60,34,34,34,28,28
62,62,35,35,35,29,29
64,64,36,36,36,30,30
64,64,37,36,37,30,30
65,65,38,38,38,30,30
66,66,39,39,39,30,30
68,68,40,40,40,31,31
68,68,41,40,41,31,31
70,70,42,42,42,32,32
72,72,43,43,43,33,33
74,74,44,44,44,34,34
73,74,45,44,45,34,34
75,75,46,46,46,35,35
77,77,47,47,47,36,36
78,78,48,48,48,36,36
80,80,49,49,49,37,37
82,82,50,50,50,38,38
83,83,51,51,51,38,38
85,85,52,52,52,39,39
87,87,53,53,53,40,40
89,89,54,54,54,41,41
90,90,55,55,55,41,41
91,91,56,56,56,41,41
91,91,57,56,57,41,41
91,91,58,56,58,41,41
93,93,59,59,59,42,42
95,95,60,60,60,43,43
97,97,61,61,61,44,44
98,98,62,62,62,44,44
100,100,63,63,63,45,45
102,102,64,64,64,46,46
104,104,65,65,65,47,47
106,106,66,66,66,48,48
105,106,67,66,67,48,48
107,107,68,68,68,49,49
108,108,69,69,69,49,49
109,109,70,70,70,49,49
111,111,71,71,71,50,50
113,113,72,72,72,51,51
115,115,73,73,73,52,52
117,117,74,74,74,53,53
118,118,75,75,75,53,53
120,120,76,76,76,54,54
121,121,77,77,77,54,54
123,123,78,78,78,55,55
125,125,79,79,79,56,56
127,127,80,80,80,57,57
128,128,81,81,81,57,57
129,129,82,82,82,57,57
129,129,83,82,83,57,57
131,131,84,84,84,58,58
133,133,85,85,85,59,59
134,134,86,86,86,59,59
135,135,87,87,87,59,59
136,136,88,88,88,59,59
138,138,89,89,89,60,60
139,139,90,90,90,60,60
140,140,91,91,91,60,60
142,142,92,92,92,61,61
143,143,93,93,93,61,61
145,145,94,94,94,62,62
146,146,95,95,95,62,62
147,147,96,96,96,62,62
148,148,97,97,97,62,62
149,149,98,98,98,62,62
150,150,99,99,99,62,62
152,152,100,100,100,63,63
154,154,101,101,101,64,64
155,155,102,102,102,64,64
155,155,103,102,103,64,64
157,157,104,104,104,65,65
158,158,105,105,105,65,65
159,159,106,106,106,65,65
161,161,107,107,107,66,66
162,162,108,108,108,66,66
162,162,109,108,109,66,66
162,162,110,108,110,66,66
163,163,111,111,111,66,66
164,164,112,112,112,66,66
165,165,113,113,113,66,66
166,166,114,114,114,66,66
167,167,115,115,115,66,66
168,168,116,116,116,66,66
170,170,117,117,117,67,67
172,172,118,118,118,68,68
174,174,119,119,119,69,69
176,176,120,120,120,70,70
177,177,121,121,121,70,70
178,178,122,122,122,70,70
179,179,123,123,123,70,70
181,181,124,124,124,71,71
182,182,125,125,125,71,71
184,184,126,126,126,72,72
185,185,127,127,127,72,72
186,186,128,128,128,72,72
187,187,129,129,129,72,72
188,188,130,130,130,72,72
189,189,131,131,131,72,72
188,189,132,131,132,72,72
190,190,133,133,133,73,73
191,191,134,134,134,73,73
193,193,135,135,135,74,74
194,194,136,136,136,74,74
195,195,137,137,137,74,74
195,195,138,137,138,74,74
196,196,139,139,139,74,74
196,196,140,139,140,74,74
195,196,141,139,141,74,74
195,196,142,139,142,74,74
195,196,143,139,143,74,74
193,196,144,139,144,74,74
194,196,145,139,145,74,74
195,196,146,139,146,74,74
196,196,147,139,147,74,74
197,197,148,148,148,74,74
198,198,149,149,149,74,74
199,199,150,150,150,74,74
200,200,151,151,151,74,74
201,201,152,152,152,74,74
202,202,153,153,153,74,74
203,203,154,154,154,74,74
202,203,155,154,155,74,74
203,203,156,154,156,74,74
205,205,157,157,157,75,75
205,205,158,157,158,75,75
205,205,159,157,159,75,75
206,206,160,160,160,75,75
207,207,161,161,161,75,75
207,207,162,161,162,75,75
208,208,163,163,163,75,75
210,210,164,164,164,76,76
211,211,165,165,165,76,76
210,211,166,165,166,76,76
211,211,167,165,167,76,76
212,212,168,168,168,76,76
212,212,169,168,169,76,76
213,213,170,170,170,76,76
213,213,171,170,171,76,76
213,213,172,170,172,76,76
213,213,173,170,173,76,76
214,214,174,174,174,76,76
216,216,175,175,175,77,77
217,217,176,176,176,77,77
218,218,177,177,177,77,77
217,218,178,177,178,77,77
218,218,179,177,179,77,77
217,218,180,177,180,77,77
218,218,181,177,181,77,77
219,219,182,182,182,77,77
220,220,183,183,183,77,77
220,220,184,183,184,77,77
221,221,185,185,185,77,77
222,222,186,186,186,77,77
222,222,187,186,187,77,77
223,223,188,188,188,77,77
225,225,189,189,189,78,78
227,227,190,190,190,79,79
228,228,191,191,191,79,79
230,230,192,192,192,80,80
232,232,193,193,193,81,81
234,234,194,194,194,82,82
235,235,195,195,195,82,82
237,237,196,196,196,83,83
236,237,197,196,197,83,83
237,237,198,196,198,83,83
238,238,199,199,199,83,83
238,238,200,199,200,83,83
239,239,201,201,201,83,83
240,240,202,202,202,83,83
241,241,203,203,203,83,83
242,242,204,204,204,83,83
242,242,205,204,205,83,83
243,243,206,206,206,83,83
244,244,207,207,207,83,83
243,244,208,207,208,83,83
244,244,209,207,209,83,83
245,245,210,210,210,83,83
246,246,211,211,211,83,83
245,246,212,211,212,83,83
246,246,213,211,213,83,83
247,247,214,214,214,83,83
248,248,215,215,215,83,83
250,250,216,216,216,84,84
251,251,217,217,217,84,84
252,252,218,218,218,84,84
251,252,219,218,219,84,84
251,252,220,218,220,84,84
252,252,221,218,221,84,84
253,253,222,222,222,84,84
252,253,223,222,223,84,84
253,253,224,222,224,84,84
253,253,225,222,225,84,84
253,253,226,222,226,84,84
254,254,227,227,227,84,84
256,256,228,228,228,85,85
258,258,229,229,229,86,86
259,259,230,230,230,86,86
259,259,231,230,231,86,86
259,259,232,230,232,86,86
259,259,233,230,233,86,86
259,259,234,230,234,86,86
259,259,235,230,235,86,86
258,259,236,230,236,86,86
260,260,237,237,237,87,87
261,261,238,238,238,87,87
262,262,239,239,239,87,87
262,262,240,239,240,87,87
263,263,241,241,241,87,87
263,263,242,241,242,87,87
264,264,243,243,243,87,87
263,264,244,243,244,87,87
264,264,245,243,245,87,87
263,264,246,243,246,87,87
264,264,247,243,247,87,87
265,265,248,248,248,87,87
266,266,249,249,249,87,87
263,266,250,249,250,87,86
264,266,251,249,251,87,86
265,266,252,249,252,87,86
266,266,253,249,253,87,86
265,266,254,249,254,87,86
265,266,255,249,255,87,86
266,266,256,249,256,87,86
265,266,257,249,257,87,86
266,266,258,249,258,87,86
267,267,259,259,259,87,86
266,267,260,259,260,87,86
266,267,261,259,261,87,86
268,268,262,262,262,87,87
268,268,263,262,263,87,87
269,269,264,264,264,87,87
268,269,265,264,265,87,87
269,269,266,264,266,87,87
268,269,267,264,267,87,87
268,269,268,264,268,87,87
268,269,269,264,269,87,87
269,269,270,264,270,87,87
270,270,271,271,271,87,87
272,272,272,272,272,88,88
273,273,273,273,273,88,88
271,273,274,273,274,88,88
270,273,275,273,275,88,88
271,273,276,273,276,88,88
272,273,277,273,277,88,88
270,273,278,273,278,88,88
271,273,279,273,279,88,88
270,273,280,273,280,88,87
270,273,281,273,281,88,87
271,273,282,273,282,88,87
272,273,283,273,283,88,87
271,273,284,273,284,88,87
272,273,285,273,285,88,87
270,273,286,273,286,88,87
271,273,287,273,287,88,87
272,273,288,273,288,88,87
272,273,289,273,289,88,87
274,274,290,290,290,88,88
275,275,291,291,291,88,88
275,275,292,291,292,88,88
275,275,293,291,293,88,88
274,275,294,291,294,88,88
274,275,295,291,295,88,88
275,275,296,291,296,88,88
276,276,297,297,297,88,88
277,277,298,298,298,88,88
276,277,299,298,299,88,87
275,277,300,298,300,88,87
275,277,301,298,301,88,87
276,277,302,298,302,88,87
277,277,303,298,303,88,87
277,277,304,298,304,88,87
278,278,305,305,305,88,87
277,278,306,305,306,88,87
276,278,307,305,307,88,87
277,278,308,305,308,88,87
278,278,309,305,309,88,87
279,279,310,310,310,88,87
279,279,311,310,311,88,87
280,280,312,312,312,88,87
281,281,313,313,313,88,87
282,282,314,314,314,88,87
282,282,315,314,315,88,87
283,283,316,316,316,88,87
283,283,317,316,317,88,87
284,284,318,318,318,88,87
285,285,319,319,319,88,87
286,286,320,320,320,88,87
286,286,321,320,321,88,87
286,286,322,320,322,88,87
285,286,323,320,323,88,87
284,286,324,320,324,88,87
284,286,325,320,325,88,87
281,286,326,320,326,88,86
281,286,327,320,327,88,86
280,286,328,320,328,88,86
280,286,329,320,329,88,86
280,286,330,320,330,88,86
281,286,331,320,331,88,86
281,286,332,320,332,88,86
283,286,333,320,333,88,87
283,286,334,320,334,88,87
283,286,335,320,335,88,87
284,286,336,320,336,88,87
285,286,337,320,337,88,87
284,286,338,320,338,88,87
285,286,339,320,339,88,87
285,286,340,320,340,88,87
286,286,341,320,341,88,87
286,286,342,320,342,88,87
285,286,343,320,343,88,87
285,286,344,320,344,88,87
286,286,345,320,345,88,87
287,287,346,346,346,88,87
285,287,347,346,347,88,87
286,287,348,346,348,88,87
284,287,349,346,349,88,87
283,287,350,346,350,88,87
284,287,351,346,351,88,87
284,287,352,346,352,88,87
284,287,353,346,353,88,87
285,287,354,346,354,88,87
286,287,355,346,355,88,87
287,287,356,346,356,88,87
288,288,357,357,357,88,87
287,288,358,357,358,88,87
286,288,359,357,359,88,87
286,288,360,357,360,88,87
284,288,361,357,361,88,87
285,288,362,357,362,88,87
286,288,363,357,363,88,87
286,288,364,357,364,88,87
285,288,365,357,365,88,87
286,288,366,357,366,88,87
285,288,367,357,367,88,87
286,288,368,357,368,88,87
286,288,369,357,369,88,87
287,288,370,357,370,88,87
288,288,371,357,371,88,87
289,289,372,372,372,88,87
288,289,373,372,373,88,87
288,289,374,372,374,88,87
289,289,375,372,375,88,87
289,289,376,372,376,88,87
290,290,377,377,377,88,87
290,290,378,377,378,88,87
290,290,379,377,379,88,87
291,291,380,380,380,88,87
290,291,381,380,381,88,87
291,291,382,380,382,88,87
292,292,383,383,383,88,87
291,292,384,383,384,88,87
290,292,385,383,385,88,87
291,292,386,383,386,88,87
290,292,387,383,387,88,87
289,292,388,383,388,88,87
289,292,389,383,389,88,87
290,292,390,383,390,88,87
290,292,391,383,391,88,87
290,292,392,383,392,88,87
290,292,393,383,393,88,87
290,292,394,383,394,88,87
290,292,395,383,395,88,87
289,292,396,383,396,88,87
290,292,397,383,397,88,87
291,292,398,383,398,88,87
290,292,399,383,399,88,87
291,292,400,383,400,88,87
290,292,401,383,401,88,87
291,292,402,383,402,88,87
292,292,403,383,403,88,87
291,292,404,383,404,88,87
292,292,405,383,405,88,87
291,292,406,383,406,88,87
291,292,407,383,407,88,87
292,292,408,383,408,88,87
293,293,409,409,409,88,87
293,293,410,409,410,88,87
293,293,411,409,411,88,87
292,293,412,409,412,88,87
293,293,413,409,413,88,87
293,293,414,409,414,88,87
291,293,415,409,415,88,87
290,293,416,409,416,88,87
287,293,417,409,417,88,87
286,293,418,409,418,88,86
287,293,419,409,419,88,86
287,293,420,409,420,88,86
286,293,421,409,421,88,86
286,293,422,409,422,88,86
286,293,423,409,423,88,86
285,293,424,409,424,88,85
285,293,425,409,425,88,85
284,293,426,409,426,88,85
284,293,427,409,427,88,85
283,293,428,409,428,88,85
281,293,429,409,429,88,85
282,293,430,409,430,88,85
282,293,431,409,431,88,85
282,293,432,409,432,88,85
281,293,433,409,433,88,85
281,293,434,409,434,88,85
281,293,435,409,435,88,85
282,293,436,409,436,88,85
280,293,437,409,437,88,85
280,293,438,409,438,88,85
280,293,439,409,439,88,85
280,293,440,409,440,88,85
280,293,441,409,441,88,85
280,293,442,409,442,88,85
280,293,443,409,443,88,85
281,293,444,409,444,88,85
282,293,445,409,445,88,85
280,293,446,409,446,88,85
280,293,447,409,447,88,85
279,293,448,409,448,88,85
278,293,449,409,449,88,85
279,293,450,409,450,88,85
280,293,451,409,451,88,85
281,293,452,409,452,88,85
280,293,453,409,453,88,85
281,293,454,409,454,88,85
281,293,455,409,455,88,85
280,293,456,409,456,88,84
279,293,457,409,457,88,84
279,293,458,409,458,88,84
277,293,459,409,459,88,84
276,293,460,409,460,88,84
275,293,461,409,461,88,83
276,293,462,409,462,88,83
276,293,463,409,463,88,83
275,293,464,409,464,88,82
276,293,465,409,465,88,82
276,293,466,409,466,88,82
275,293,467,409,467,88,82
275,293,468,409,468,88,82
275,293,469,409,469,88,82
275,293,470,409,470,88,82
274,293,471,409,471,88,82
275,293,472,409,472,88,82
274,293,473,409,473,88,82
273,293,474,409,474,88,82
274,293,475,409,475,88,82
274,293,476,409,476,88,82
275,293,477,409,477,88,82
273,293,478,409,478,88,81
272,293,479,409,479,88,81
273,293,480,409,480,88,81
274,293,481,409,481,88,81
275,293,482,409,482,88,81
276,293,483,409,483,88,81
277,293,484,409,484,88,81
277,293,485,409,485,88,81
277,293,486,409,486,88,81
276,293,487,409,487,88,81
276,293,488,409,488,88,81
275,293,489,409,489,88,80
275,293,490,409,490,88,80
275,293,491,409,491,88,80
275,293,492,409,492,88,80
276,293,493,409,493,88,80
275,293,494,409,494,88,80
275,293,495,409,495,88,80
274,293,496,409,496,88,79
273,293,497,409,497,88,78
274,293,498,409,498,88,78
274,293,499,409,499,88,78
273,293,500,409,500,88,78
274,293,501,409,501,88,78
275,293,502,409,502,88,78
273,293,503,409,503,88,78
274,293,504,409,504,88,78
274,293,505,409,505,88,78
272,293,506,409,506,88,77
273,293,507,409,507,88,77
273,293,508,409,508,88,77
272,293,509,409,509,88,77
274,293,510,409,510,88,78
274,293,511,409,511,88,78
274,293,512,409,512,88,78
272,293,513,409,513,88,78
272,293,514,409,514,88,78
273,293,515,409,515,88,78
274,293,516,409,516,88,78
274,293,517,409,517,88,78
274,293,518,409,518,88,78
274,293,519,409,519,88,78
274,293,520,409,520,88,78
275,293,521,409,521,88,78
274,293,522,409,522,88,78
274,293,523,409,523,88,78
273,293,524,409,524,88,78
274,293,525,409,525,88,78
274,293,526,409,526,88,78
275,293,527,409,527,88,78
274,293,528,409,528,88,78
275,293,529,409,529,88,78
276,293,530,409,530,88,78
276,293,531,409,531,88,78
274,293,532,409,532,88,77
273,293,533,409,533,88,77
273,293,534,409,534,88,77
272,293,535,409,535,88,77
271,293,536,409,536,88,77
270,293,537,409,537,88,77
271,293,538,409,538,88,77
271,293,539,409,539,88,77
271,293,540,409,540,88,77
271,293,541,409,541,88,77
271,293,542,409,542,88,77
272,293,543,409,543,88,77
272,293,544,409,544,88,77
271,293,545,409,545,88,76
270,293,546,409,546,88,76
270,293,547,409,547,88,76
269,293,548,409,548,88,76
270,293,549,409,549,88,76
269,293,550,409,550,88,76
269,293,551,409,551,88,76
268,293,552,409,552,88,76
269,293,553,409,553,88,76
269,293,554,409,554,88,76
270,293,555,409,555,88,76
270,293,556,409,556,88,76
270,293,557,409,557,88,76
270,293,558,409,558,88,76
270,293,559,409,559,88,76
271,293,560,409,560,88,76
271,293,561,409,561,88,76
271,293,562,409,562,88,76
272,293,563,409,563,88,76
273,293,564,409,564,88,76
273,293,565,409,565,88,76
273,293,566,409,566,88,76
272,293,567,409,567,88,75
272,293,568,409,568,88,75
273,293,569,409,569,88,75
273,293,570,409,570,88,75
272,293,571,409,571,88,75
269,293,572,409,572,88,75
269,293,573,409,573,88,75
269,293,574,409,574,88,75
269,293,575,409,575,88,75
269,293,576,409,576,88,75
269,293,577,409,577,88,75
269,293,578,409,578,88,75
269,293,579,409,579,88,75
268,293,580,409,580,88,75
266,293,581,409,581,88,75
266,293,582,409,582,88,75
266,293,583,409,583,88,75
266,293,584,409,584,88,75
265,293,585,409,585,88,75
265,293,586,409,586,88,75
265,293,587,409,587,88,75
266,293,588,409,588,88,75
266,293,589,409,589,88,75
267,293,590,409,590,88,75
268,293,591,409,591,88,75
268,293,592,409,592,88,75
268,293,593,409,593,88,75
268,293,594,409,594,88,75
269,293,595,409,595,88,75
269,293,596,409,596,88,75
269,293,597,409,597,88,75
269,293,598,409,598,88,75
269,293,599,409,599,88,75
268,293,600,409,600,88,75
268,293,601,409,601,88,75
269,293,602,409,602,88,75
269,293,603,409,603,88,75
269,293,604,409,604,88,75
269,293,605,409,605,88,75
269,293,606,409,606,88,75
270,293,607,409,607,88,75
271,293,608,409,608,88,75
272,293,609,409,609,88,75
272,293,610,409,610,88,75
273,293,611,409,611,88,75
273,293,612,409,612,88,75
273,293,613,409,613,88,75
273,293,614,409,614,88,75
273,293,615,409,615,88,75
273,293,616,409,616,88,75
274,293,617,409,617,88,75
274,293,618,409,618,88,75
275,293,619,409,619,88,75
276,293,620,409,620,88,75
276,293,621,409,621,88,75
276,293,622,409,622,88,75
276,293,623,409,623,88,75
276,293,624,409,624,88,75
277,293,625,409,625,88,75
278,293,626,409,626,88,75
277,293,627,409,627,88,75
276,293,628,409,628,88,75
277,293,629,409,629,88,75
276,293,630,409,630,88,75
277,293,631,409,631,88,75
277,293,632,409,632,88,75
278,293,633,409,633,88,75
279,293,634,409,634,88,75
277,293,635,409,635,88,73
277,293,636,409,636,88,73
277,293,637,409,637,88,73
276,293,638,409,638,88,73
275,293,639,409,639,88,73
275,293,640,409,640,88,73
275,293,641,409,641,88,73
274,293,642,409,642,88,73
274,293,643,409,643,88,73
275,293,644,409,644,88,73
276,293,645,409,645,88,73
276,293,646,409,646,88,73
276,293,647,409,647,88,73
276,293,648,409,648,88,73
275,293,649,409,649,88,72
273,293,650,409,650,88,72
273,293,651,409,651,88,72
273,293,652,409,652,88,72
272,293,653,409,653,88,72
273,293,654,409,654,88,72
272,293,655,409,655,88,72
272,293,656,409,656,88,72
271,293,657,409,657,88,72
270,293,658,409,658,88,71
270,293,659,409,659,88,71
270,293,660,409,660,88,71
270,293,661,409,661,88,71
270,293,662,409,662,88,71
269,293,663,409,663,88,71
269,293,664,409,664,88,71
270,293,665,409,665,88,71
271,293,666,409,666,88,71
271,293,667,409,667,88,71
271,293,668,409,668,88,71
272,293,669,409,669,88,71
273,293,670,409,670,88,71
272,293,671,409,671,88,71
272,293,672,409,672,88,71
271,293,673,409,673,88,71
272,293,674,409,674,88,71
272,293,675,409,675,88,71
270,293,676,409,676,88,71
269,293,677,409,677,88,71
269,293,678,409,678,88,71
269,293,679,409,679,88,71
269,293,680,409,680,88,71
269,293,681,409,681,88,71
270,293,682,409,682,88,71
270,293,683,409,683,88,71
271,293,684,409,684,88,71
271,293,685,409,685,88,71
271,293,686,409,686,88,71
271,293,687,409,687,88,71
271,293,688,409,688,88,71
271,293,689,409,689,88,71
271,293,690,409,690,88,71
270,293,691,409,691,88,71
270,293,692,409,692,88,71
269,293,693,409,693,88,71
269,293,694,409,694,88,71
269,293,695,409,695,88,71
269,293,696,409,696,88,71
270,293,697,409,697,88,71
270,293,698,409,698,88,71
270,293,699,409,699,88,71
271,293,700,409,700,88,71
271,293,701,409,701,88,71
270,293,702,409,702,88,71
269,293,703,409,703,88,70
268,293,704,409,704,88,70
268,293,705,409,705,88,70
268,293,706,409,706,88,70
267,293,707,409,707,88,70
266,293,708,409,708,88,70
266,293,709,409,709,88,70
264,293,710,409,710,88,69
262,293,711,409,711,88,68
262,293,712,409,712,88,68
262,293,713,409,713,88,68
263,293,714,409,714,88,68
263,293,715,409,715,88,68
262,293,716,409,716,88,68
260,293,717,409,717,88,67
260,293,718,409,718,88,67
261,293,719,409,719,88,67
262,293,720,409,720,88,67
262,293,721,409,721,88,67
262,293,722,409,722,88,67
262,293,723,409,723,88,67
263,293,724,409,724,88,67
262,293,725,409,725,88,67
262,293,726,409,726,88,67
262,293,727,409,727,88,67
262,293,728,409,728,88,67
262,293,729,409,729,88,67
263,293,730,409,730,88,67
263,293,731,409,731,88,67
263,293,732,409,732,88,67
264,293,733,409,733,88,67
264,293,734,409,734,88,67
264,293,735,409,735,88,67
263,293,736,409,736,88,67
262,293,737,409,737,88,67
262,293,738,409,738,88,67
262,293,739,409,739,88,67
263,293,740,409,740,88,67
262,293,741,409,741,88,67
262,293,742,409,742,88,67
262,293,743,409,743,88,67
262,293,744,409,744,88,67
262,293,745,409,745,88,67
262,293,746,409,746,88,67
263,293,747,409,747,88,67
263,293,748,409,748,88,67
262,293,749,409,749,88,66
263,293,750,409,750,88,66
263,293,751,409,751,88,66
263,293,752,409,752,88,66
262,293,753,409,753,88,66
263,293,754,409,754,88,66
263,293,755,409,755,88,66
262,293,756,409,756,88,66
262,293,757,409,757,88,66
262,293,758,409,758,88,66
262,293,759,409,759,88,66
263,293,760,409,760,88,66
263,293,761,409,761,88,66
263,293,762,409,762,88,66
263,293,763,409,763,88,66
264,293,764,409,764,88,66
264,293,765,409,765,88,66
262,293,766,409,766,88,66
262,293,767,409,767,88,66
261,293,768,409,768,88,66
262,293,769,409,769,88,66
261,293,770,409,770,88,66
262,293,771,409,771,88,66
262,293,772,409,772,88,66
262,293,773,409,773,88,66
263,293,774,409,774,88,66
262,293,775,409,775,88,66
261,293,776,409,776,88,66
261,293,777,409,777,88,66
260,293,778,409,778,88,66
260,293,779,409,779,88,66
260,293,780,409,780,88,66
260,293,781,409,781,88,66
260,293,782,409,782,88,66
260,293,783,409,783,88,66
260,293,784,409,784,88,66
260,293,785,409,785,88,66
261,293,786,409,786,88,66
260,293,787,409,787,88,66
260,293,788,409,788,88,66
260,293,789,409,789,88,66
260,293,790,409,790,88,66
260,293,791,409,791,88,66
260,293,792,409,792,88,66
260,293,793,409,793,88,66
259,293,794,409,794,88,66
258,293,795,409,795,88,66
258,293,796,409,796,88,66
257,293,797,409,797,88,66
257,293,798,409,798,88,66
257,293,799,409,799,88,66
257,293,800,409,800,88,66
255,293,801,409,801,88,66
255,293,802,409,802,88,66
255,293,803,409,803,88,66
256,293,804,409,804,88,66
256,293,805,409,805,88,66
255,293,806,409,806,88,66
255,293,807,409,807,88,66
255,293,808,409,808,88,66
256,293,809,409,809,88,66
255,293,810,409,810,88,66
255,293,811,409,811,88,66
255,293,812,409,812,88,66
255,293,813,409,813,88,66
255,293,814,409,814,88,66
254,293,815,409,815,88,66
254,293,816,409,816,88,66
253,293,817,409,817,88,66
253,293,818,409,818,88,66
253,293,819,409,819,88,66
252,293,820,409,820,88,66
252,293,821,409,821,88,66
252,293,822,409,822,88,66
252,293,823,409,823,88,66
252,293,824,409,824,88,66
251,293,825,409,825,88,66
251,293,826,409,826,88,66
250,293,827,409,827,88,66
250,293,828,409,828,88,66
250,293,829,409,829,88,66
250,293,830,409,830,88,66
250,293,831,409,831,88,66
250,293,832,409,832,88,66
250,293,833,409,833,88,66
249,293,834,409,834,88,66
249,293,835,409,835,88,66
249,293,836,409,836,88,66
249,293,837,409,837,88,66
249,293,838,409,838,88,66
250,293,839,409,839,88,66
250,293,840,409,840,88,66
248,293,841,409,841,88,65
248,293,842,409,842,88,65
248,293,843,409,843,88,65
248,293,844,409,844,88,65
247,293,845,409,845,88,64
247,293,846,409,846,88,64
246,293,847,409,847,88,63
246,293,848,409,848,88,63
246,293,849,409,849,88,63
246,293,850,409,850,88,63
245,293,851,409,851,88,63
245,293,852,409,852,88,63
245,293,853,409,853,88,63
245,293,854,409,854,88,63
245,293,855,409,855,88,63
245,293,856,409,856,88,63
246,293,857,409,857,88,63
246,293,858,409,858,88,63
246,293,859,409,859,88,63
245,293,860,409,860,88,63
246,293,861,409,861,88,63
247,293,862,409,862,88,63
247,293,863,409,863,88,63
247,293,864,409,864,88,63
247,293,865,409,865,88,63
247,293,866,409,866,88,63
247,293,867,409,867,88,63
248,293,868,409,868,88,63
248,293,869,409,869,88,63
249,293,870,409,870,88,63
248,293,871,409,871,88,63
249,293,872,409,872,88,63
249,293,873,409,873,88,63
249,293,874,409,874,88,63
249,293,875,409,875,88,63
249,293,876,409,876,88,63
250,293,877,409,877,88,63
250,293,878,409,878,88,63
249,293,879,409,879,88,63
248,293,880,409,880,88,62
247,293,881,409,881,88,62
246,293,882,409,882,88,62
246,293,883,409,883,88,62
245,293,884,409,884,88,62
246,293,885,409,885,88,62
246,293,886,409,886,88,62
247,293,887,409,887,88,62
245,293,888,409,888,88,61
245,293,889,409,889,88,61
244,293,890,409,890,88,61
243,293,891,409,891,88,61
243,293,892,409,892,88,61
242,293,893,409,893,88,61
242,293,894,409,894,88,61
242,293,895,409,895,88,61
243,293,896,409,896,88,61
244,293,897,409,897,88,61
244,293,898,409,898,88,61
244,293,899,409,899,88,61
244,293,900,409,900,88,61
243,293,901,409,901,88,60
243,293,902,409,902,88,60
242,293,903,409,903,88,60
242,293,904,409,904,88,60
242,293,905,409,905,88,60
242,293,906,409,906,88,60
242,293,907,409,907,88,60
242,293,908,409,908,88,60
242,293,909,409,909,88,60
242,293,910,409,910,88,60
242,293,911,409,911,88,60
241,293,912,409,912,88,60
241,293,913,409,913,88,60
241,293,914,409,914,88,60
241,293,915,409,915,88,60
241,293,916,409,916,88,60
241,293,917,409,917,88,60
241,293,918,409,918,88,60
240,293,919,409,919,88,60
240,293,920,409,920,88,60
240,293,921,409,921,88,60
241,293,922,409,922,88,60
241,293,923,409,923,88,60
241,293,924,409,924,88,60
242,293,925,409,925,88,60
242,293,926,409,926,88,60
242,293,927,409,927,88,60
240,293,928,409,928,88,60
239,293,929,409,929,88,59
240,293,930,409,930,88,59
240,293,931,409,931,88,59
240,293,932,409,932,88,59
240,293,933,409,933,88,59
240,293,934,409,934,88,59
240,293,935,409,935,88,59
238,293,936,409,936,88,57
239,293,937,409,937,88,57
239,293,938,409,938,88,57
239,293,939,409,939,88,57
239,293,940,409,940,88,57
238,293,941,409,941,88,57
237,293,942,409,942,88,57
236,293,943,409,943,88,57
235,293,944,409,944,88,57
234,293,945,409,945,88,57
234,293,946,409,946,88,57
234,293,947,409,947,88,57
233,293,948,409,948,88,57
233,293,949,409,949,88,57
233,293,950,409,950,88,57
233,293,951,409,951,88,57
233,293,952,409,952,88,57
232,293,953,409,953,88,57
233,293,954,409,954,88,57
233,293,955,409,955,88,57
233,293,956,409,956,88,57
233,293,957,409,957,88,57
233,293,958,409,958,88,57
233,293,959,409,959,88,57
233,293,960,409,960,88,57
233,293,961,409,961,88,57
233,293,962,409,962,88,57
233,293,963,409,963,88,57
234,293,964,409,964,88,57
234,293,965,409,965,88,57
234,293,966,409,966,88,57
234,293,967,409,967,88,57
234,293,968,409,968,88,57
233,293,969,409,969,88,56
233,293,970,409,970,88,56
233,293,971,409,971,88,56
233,293,972,409,972,88,56
233,293,973,409,973,88,56
233,293,974,409,974,88,56
233,293,975,409,975,88,56
232,293,976,409,976,88,56
232,293,977,409,977,88,56
232,293,978,409,978,88,56
233,293,979,409,979,88,56
232,293,980,409,980,88,56
232,293,981,409,981,88,56
232,293,982,409,982,88,56
232,293,983,409,983,88,56
232,293,984,409,984,88,56
232,293,985,409,985,88,56
233,293,986,409,986,88,56
233,293,987,409,987,88,56
232,293,988,409,988,88,56
232,293,989,409,989,88,56
232,293,990,409,990,88,56
232,293,991,409,991,88,56
232,293,992,409,992,88,56
232,293,993,409,993,88,56
231,293,994,409,994,88,56
231,293,995,409,995,88,56
231,293,996,409,996,88,56
231,293,997,409,997,88,56
232,293,998,409,998,88,56
232,293,999,409,999,88,56
232,293,1000,409,1000,88,56
232,293,1001,409,1001,88,56
232,293,1002,409,1002,88,56
232,293,1003,409,1003,88,56
233,293,1004,409,1004,88,56
233,293,1005,409,1005,88,56
233,293,1006,409,1006,88,56
233,293,1007,409,1007,88,56
233,293,1008,409,1008,88,56
232,293,1009,409,1009,88,55
232,293,1010,409,1010,88,55
231,293,1011,409,1011,88,54
231,293,1012,409,1012,88,54
231,293,1013,409,1013,88,54
231,293,1014,409,1014,88,54
231,293,1015,409,1015,88,54
231,293,1016,409,1016,88,54
229,293,1017,409,1017,88,53
229,293,1018,409,1018,88,53
229,293,1019,409,1019,88,53
229,293,1020,409,1020,88,53
229,293,1021,409,1021,88,53
229,293,1022,409,1022,88,53
229,293,1023,409,1023,88,53
229,293,1024,409,1024,88,53
229,293,1025,409,1025,88,53
229,293,1026,409,1026,88,53
230,293,1027,409,1027,88,53
231,293,1028,409,1028,88,53
231,293,1029,409,1029,88,53
231,293,1030,409,1030,88,53
231,293,1031,409,1031,88,53
231,293,1032,409,1032,88,53
231,293,1033,409,1033,88,53
231,293,1034,409,1034,88,53
231,293,1035,409,1035,88,53
231,293,1036,409,1036,88,53
230,293,1037,409,1037,88,53
230,293,1038,409,1038,88,53
229,293,1039,409,1039,88,53
229,293,1040,409,1040,88,53
228,293,1041,409,1041,88,52
228,293,1042,409,1042,88,52
227,293,1043,409,1043,88,51
228,293,1044,409,1044,88,51
228,293,1045,409,1045,88,51
229,293,1046,409,1046,88,51
229,293,1047,409,1047,88,51
229,293,1048,409,1048,88,51
229,293,1049,409,1049,88,51
229,293,1050,409,1050,88,51
229,293,1051,409,1051,88,51
229,293,1052,409,1052,88,51
229,293,1053,409,1053,88,51
229,293,1054,409,1054,88,51
229,293,1055,409,1055,88,51
229,293,1056,409,1056,88,51
229,293,1057,409,1057,88,51
228,293,1058,409,1058,88,51
229,293,1059,409,1059,88,51
229,293,1060,409,1060,88,51
229,293,1061,409,1061,88,51
229,293,1062,409,1062,88,51
229,293,1063,409,1063,88,51
229,293,1064,409,1064,88,51
229,293,1065,409,1065,88,51
228,293,1066,409,1066,88,50
228,293,1067,409,1067,88,50
229,293,1068,409,1068,88,50
229,293,1069,409,1069,88,50
229,293,1070,409,1070,88,50
229,293,1071,409,1071,88,50
229,293,1072,409,1072,88,50
229,293,1073,409,1073,88,50
229,293,1074,409,1074,88,50
230,293,1075,409,1075,88,50
230,293,1076,409,1076,88,50
229,293,1077,409,1077,88,50
229,293,1078,409,1078,88,50
229,293,1079,409,1079,88,50
230,293,1080,409,1080,88,50
230,293,1081,409,1081,88,50
230,293,1082,409,1082,88,50
230,293,1083,409,1083,88,50
230,293,1084,409,1084,88,50
230,293,1085,409,1085,88,50
230,293,1086,409,1086,88,50
230,293,1087,409,1087,88,50
231,293,1088,409,1088,88,50
231,293,1089,409,1089,88,50
231,293,1090,409,1090,88,50
229,293,1091,409,1091,88,48
229,293,1092,409,1092,88,48
229,293,1093,409,1093,88,48
229,293,1094,409,1094,88,48
229,293,1095,409,1095,88,48
230,293,1096,409,1096,88,48
231,293,1097,409,1097,88,48
231,293,1098,409,1098,88,48
231,293,1099,409,1099,88,48
232,293,1100,409,1100,88,48
232,293,1101,409,1101,88,48
232,293,1102,409,1102,88,48
231,293,1103,409,1103,88,48
231,293,1104,409,1104,88,48
230,293,1105,409,1105,88,48
229,293,1106,409,1106,88,48
230,293,1107,409,1107,88,48
229,293,1108,409,1108,88,47
229,293,1109,409,1109,88,47
229,293,1110,409,1110,88,47
230,293,1111,409,1111,88,47
230,293,1112,409,1112,88,47
230,293,1113,409,1113,88,47
230,293,1114,409,1114,88,47
230,293,1115,409,1115,88,47
230,293,1116,409,1116,88,47
230,293,1117,409,1117,88,47
230,293,1118,409,1118,88,47
230,293,1119,409,1119,88,47
229,293,1120,409,1120,88,47
229,293,1121,409,1121,88,47
229,293,1122,409,1122,88,47
228,293,1123,409,1123,88,47
228,293,1124,409,1124,88,47
228,293,1125,409,1125,88,47
228,293,1126,409,1126,88,47
228,293,1127,409,1127,88,47
228,293,1128,409,1128,88,47
228,293,1129,409,1129,88,47
227,293,1130,409,1130,88,47
227,293,1131,409,1131,88,47
227,293,1132,409,1132,88,47
227,293,1133,409,1133,88,47
227,293,1134,409,1134,88,47
226,293,1135,409,1135,88,47
226,293,1136,409,1136,88,47
226,293,1137,409,1137,88,47
226,293,1138,409,1138,88,47
225,293,1139,409,1139,88,46
225,293,1140,409,1140,88,46
225,293,1141,409,1141,88,46
225,293,1142,409,1142,88,46
225,293,1143,409,1143,88,46
225,293,1144,409,1144,88,46
225,293,1145,409,1145,88,46
225,293,1146,409,1146,88,46
225,293,1147,409,1147,88,46
225,293,1148,409,1148,88,46
225,293,1149,409,1149,88,46
225,293,1150,409,1150,88,46
225,293,1151,409,1151,88,46
225,293,1152,409,1152,88,46
225,293,1153,409,1153,88,46
225,293,1154,409,1154,88,46
225,293,1155,409,1155,88,46
225,293,1156,409,1156,88,46
225,293,1157,409,1157,88,46
225,293,1158,409,1158,88,46
225,293,1159,409,1159,88,46
225,293,1160,409,1160,88,46
225,293,1161,409,1161,88,46
225,293,1162,409,1162,88,46
224,293,1163,409,1163,88,46
224,293,1164,409,1164,88,46
224,293,1165,409,1165,88,46
224,293,1166,409,1166,88,46
224,293,1167,409,1167,88,46
224,293,1168,409,1168,88,46
224,293,1169,409,1169,88,46
224,293,1170,409,1170,88,46
223,293,1171,409,1171,88,46
223,293,1172,409,1172,88,46
223,293,1173,409,1173,88,46
223,293,1174,409,1174,88,46
223,293,1175,409,1175,88,46
223,293,1176,409,1176,88,46
222,293,1177,409,1177,88,46
222,293,1178,409,1178,88,46
222,293,1179,409,1179,88,46
222,293,1180,409,1180,88,46
222,293,1181,409,1181,88,46
222,293,1182,409,1182,88,46
221,293,1183,409,1183,88,46
221,293,1184,409,1184,88,46
221,293,1185,409,1185,88,46
221,293,1186,409,1186,88,46
221,293,1187,409,1187,88,46
221,293,1188,409,1188,88,46
222,293,1189,409,1189,88,46
222,293,1190,409,1190,88,46
222,293,1191,409,1191,88,46
222,293,1192,409,1192,88,46
222,293,1193,409,1193,88,46
222,293,1194,409,1194,88,46
222,293,1195,409,1195,88,46
221,293,1196,409,1196,88,46
221,293,1197,409,1197,88,46
221,293,1198,409,1198,88,46
221,293,1199,409,1199,88,46
221,293,1200,409,1200,88,46
221,293,1201,409,1201,88,46
221,293,1202,409,1202,88,46
221,293,1203,409,1203,88,46
221,293,1204,409,1204,88,46
221,293,1205,409,1205,88,46
221,293,1206,409,1206,88,46
221,293,1207,409,1207,88,46
221,293,1208,409,1208,88,46
221,293,1209,409,1209,88,46
221,293,1210,409,1210,88,46
220,293,1211,409,1211,88,45
220,293,1212,409,1212,88,45
220,293,1213,409,1213,88,45
220,293,1214,409,1214,88,45
220,293,1215,409,1215,88,45
220,293,1216,409,1216,88,45
220,293,1217,409,1217,88,45
220,293,1218,409,1218,88,45
221,293,1219,409,1219,88,45
221,293,1220,409,1220,88,45
221,293,1221,409,1221,88,45
221,293,1222,409,1222,88,45
221,293,1223,409,1223,88,45
221,293,1224,409,1224,88,45
221,293,1225,409,1225,88,45
222,293,1226,409,1226,88,45
222,293,1227,409,1227,88,45
222,293,1228,409,1228,88,45
222,293,1229,409,1229,88,45
222,293,1230,409,1230,88,45
222,293,1231,409,1231,88,45
223,293,1232,409,1232,88,45
223,293,1233,409,1233,88,45
224,293,1234,409,1234,88,45
224,293,1235,409,1235,88,45
224,293,1236,409,1236,88,45
224,293,1237,409,1237,88,45
224,293,1238,409,1238,88,45
223,293,1239,409,1239,88,45
224,293,1240,409,1240,88,45
224,293,1241,409,1241,88,45
224,293,1242,409,1242,88,45
224,293,1243,409,1243,88,45
224,293,1244,409,1244,88,45
224,293,1245,409,1245,88,45
224,293,1246,409,1246,88,45
224,293,1247,409,1247,88,45
223,293,1248,409,1248,88,44
222,293,1249,409,1249,88,44
222,293,1250,409,1250,88,44
221,293,1251,409,1251,88,43
221,293,1252,409,1252,88,43
221,293,1253,409,1253,88,43
221,293,1254,409,1254,88,43
220,293,1255,409,1255,88,42
219,293,1256,409,1256,88,41
218,293,1257,409,1257,88,41
218,293,1258,409,1258,88,41
218,293,1259,409,1259,88,41
218,293,1260,409,1260,88,41
218,293,1261,409,1261,88,41
218,293,1262,409,1262,88,41
217,293,1263,409,1263,88,41
217,293,1264,409,1264,88,41
217,293,1265,409,1265,88,41
217,293,1266,409,1266,88,41
217,293,1267,409,1267,88,41
217,293,1268,409,1268,88,41
216,293,1269,409,1269,88,41
216,293,1270,409,1270,88,41
216,293,1271,409,1271,88,41
216,293,1272,409,1272,88,41
216,293,1273,409,1273,88,41
216,293,1274,409,1274,88,41
216,293,1275,409,1275,88,41
216,293,1276,409,1276,88,41
216,293,1277,409,1277,88,41
216,293,1278,409,1278,88,41
216,293,1279,409,1279,88,41
216,293,1280,409,1280,88,41
217,293,1281,409,1281,88,41
217,293,1282,409,1282,88,41
217,293,1283,409,1283,88,41
218,293,1284,409,1284,88,41
218,293,1285,409,1285,88,41
218,293,1286,409,1286,88,41
218,293,1287,409,1287,88,41
218,293,1288,409,1288,88,41
218,293,1289,409,1289,88,41
218,293,1290,409,1290,88,41
218,293,1291,409,1291,88,41
218,293,1292,409,1292,88,41
218,293,1293,409,1293,88,41
218,293,1294,409,1294,88,41
218,293,1295,409,1295,88,41
218,293,1296,409,1296,88,41
218,293,1297,409,1297,88,41
218,293,1298,409,1298,88,41
218,293,1299,409,1299,88,41
219,293,1300,409,1300,88,41
219,293,1301,409,1301,88,41
219,293,1302,409,1302,88,41
219,293,1303,409,1303,88,41
218,293,1304,409,1304,88,41
218,293,1305,409,1305,88,41
218,293,1306,409,1306,88,41
218,293,1307,409,1307,88,41
217,293,1308,409,1308,88,41
217,293,1309,409,1309,88,41
217,293,1310,409,1310,88,41
217,293,1311,409,1311,88,41
217,293,1312,409,1312,88,41
217,293,1313,409,1313,88,41
217,293,1314,409,1314,88,41
217,293,1315,409,1315,88,41
217,293,1316,409,1316,88,41
217,293,1317,409,1317,88,41
217,293,1318,409,1318,88,41
216,293,1319,409,1319,88,41
216,293,1320,409,1320,88,41
216,293,1321,409,1321,88,41
215,293,1322,409,1322,88,41
215,293,1323,409,1323,88,41
215,293,1324,409,1324,88,41
216,293,1325,409,1325,88,41
216,293,1326,409,1326,88,41
216,293,1327,409,1327,88,41
216,293,1328,409,1328,88,41
216,293,1329,409,1329,88,41
216,293,1330,409,1330,88,41
216,293,1331,409,1331,88,41
217,293,1332,409,1332,88,41
217,293,1333,409,1333,88,41
217,293,1334,409,1334,88,41
218,293,1335,409,1335,88,41
218,293,1336,409,1336,88,41
218,293,1337,409,1337,88,41
218,293,1338,409,1338,88,41
218,293,1339,409,1339,88,41
219,293,1340,409,1340,88,41
219,293,1341,409,1341,88,41
219,293,1342,409,1342,88,41
219,293,1343,409,1343,88,41
220,293,1344,409,1344,88,41
220,293,1345,409,1345,88,41
220,293,1346,409,1346,88,41
220,293,1347,409,1347,88,41
220,293,1348,409,1348,88,41
220,293,1349,409,1349,88,41
220,293,1350,409,1350,88,41
220,293,1351,409,1351,88,41
220,293,1352,409,1352,88,41
220,293,1353,409,1353,88,41
220,293,1354,409,1354,88,41
220,293,1355,409,1355,88,41
220,293,1356,409,1356,88,41
220,293,1357,409,1357,88,41
220,293,1358,409,1358,88,41
220,293,1359,409,1359,88,41
220,293,1360,409,1360,88,41
220,293,1361,409,1361,88,41
220,293,1362,409,1362,88,41
220,293,1363,409,1363,88,41
220,293,1364,409,1364,88,41
220,293,1365,409,1365,88,41
220,293,1366,409,1366,88,41
220,293,1367,409,1367,88,41
220,293,1368,409,1368,88,41
220,293,1369,409,1369,88,41
220,293,1370,409,1370,88,41
220,293,1371,409,1371,88,41
221,293,1372,409,1372,88,41
221,293,1373,409,1373,88,41
221,293,1374,409,1374,88,41
221,293,1375,409,1375,88,41
221,293,1376,409,1376,88,41
221,293,1377,409,1377,88,41
221,293,1378,409,1378,88,41
220,293,1379,409,1379,88,41
220,293,1380,409,1380,88,41
220,293,1381,409,1381,88,41
220,293,1382,409,1382,88,41
220,293,1383,409,1383,88,41
220,293,1384,409,1384,88,41
220,293,1385,409,1385,88,41
220,293,1386,409,1386,88,41
220,293,1387,409,1387,88,41
221,293,1388,409,1388,88,41
221,293,1389,409,1389,88,41
221,293,1390,409,1390,88,41
222,293,1391,409,1391,88,41
223,293,1392,409,1392,88,41
224,293,1393,409,1393,88,41
224,293,1394,409,1394,88,41
224,293,1395,409,1395,88,41
224,293,1396,409,1396,88,41
224,293,1397,409,1397,88,41
224,293,1398,409,1398,88,41
224,293,1399,409,1399,88,41
224,293,1400,409,1400,88,41
224,293,1401,409,1401,88,41
224,293,1402,409,1402,88,41
224,293,1403,409,1403,88,41
224,293,1404,409,1404,88,41
224,293,1405,409,1405,88,41
224,293,1406,409,1406,88,41
222,293,1407,409,1407,88,41
222,293,1408,409,1408,88,41
222,293,1409,409,1409,88,41
222,293,1410,409,1410,88,41
222,293,1411,409,1411,88,41
222,293,1412,409,1412,88,41
222,293,1413,409,1413,88,41
222,293,1414,409,1414,88,41
223,293,1415,409,1415,88,41
223,293,1416,409,1416,88,41
223,293,1417,409,1417,88,41
223,293,1418,409,1418,88,41
223,293,1419,409,1419,88,41
223,293,1420,409,1420,88,41
223,293,1421,409,1421,88,41
223,293,1422,409,1422,88,41
223,293,1423,409,1423,88,41
223,293,1424,409,1424,88,41
223,293,1425,409,1425,88,41
223,293,1426,409,1426,88,41
223,293,1427,409,1427,88,41
223,293,1428,409,1428,88,41
222,293,1429,409,1429,88,41
221,293,1430,409,1430,88,41
221,293,1431,409,1431,88,41
221,293,1432,409,1432,88,41
221,293,1433,409,1433,88,41
221,293,1434,409,1434,88,41
221,293,1435,409,1435,88,41
220,293,1436,409,1436,88,41
220,293,1437,409,1437,88,41
220,293,1438,409,1438,88,41
220,293,1439,409,1439,88,41
220,293,1440,409,1440,88,41
220,293,1441,409,1441,88,41
220,293,1442,409,1442,88,41
220,293,1443,409,1443,88,41
220,293,1444,409,1444,88,41
220,293,1445,409,1445,88,41
220,293,1446,409,1446,88,41
219,293,1447,409,1447,88,41
219,293,1448,409,1448,88,41
219,293,1449,409,1449,88,41
220,293,1450,409,1450,88,41
220,293,1451,409,1451,88,41
220,293,1452,409,1452,88,41
220,293,1453,409,1453,88,41
219,293,1454,409,1454,88,40
219,293,1455,409,1455,88,40
219,293,1456,409,1456,88,40
219,293,1457,409,1457,88,40
219,293,1458,409,1458,88,40
219,293,1459,409,1459,88,40
219,293,1460,409,1460,88,40
219,293,1461,409,1461,88,40
219,293,1462,409,1462,88,40
219,293,1463,409,1463,88,40
219,293,1464,409,1464,88,40
219,293,1465,409,1465,88,40
219,293,1466,409,1466,88,40
219,293,1467,409,1467,88,40
219,293,1468,409,1468,88,40
218,293,1469,409,1469,88,40
218,293,1470,409,1470,88,40
218,293,1471,409,1471,88,40
218,293,1472,409,1472,88,40
218,293,1473,409,1473,88,40
218,293,1474,409,1474,88,40
218,293,1475,409,1475,88,40
218,293,1476,409,1476,88,40
218,293,1477,409,1477,88,40
218,293,1478,409,1478,88,40
218,293,1479,409,1479,88,40
218,293,1480,409,1480,88,40
218,293,1481,409,1481,88,40
218,293,1482,409,1482,88,40
218,293,1483,409,1483,88,40
218,293,1484,409,1484,88,40
218,293,1485,409,1485,88,40
217,293,1486,409,1486,88,40
217,293,1487,409,1487,88,40
217,293,1488,409,1488,88,40
217,293,1489,409,1489,88,40
217,293,1490,409,1490,88,40
217,293,1491,409,1491,88,40
217,293,1492,409,1492,88,40
217,293,1493,409,1493,88,40
217,293,1494,409,1494,88,40
217,293,1495,409,1495,88,40
218,293,1496,409,1496,88,40
218,293,1497,409,1497,88,40
218,293,1498,409,1498,88,40
218,293,1499,409,1499,88,40
218,293,1500,409,1500,88,40
218,293,1501,409,1501,88,40
218,293,1502,409,1502,88,40
218,293,1503,409,1503,88,40
217,293,1504,409,1504,88,39
217,293,1505,409,1505,88,39
217,293,1506,409,1506,88,39
217,293,1507,409,1507,88,39
217,293,1508,409,1508,88,39
217,293,1509,409,1509,88,39
217,293,1510,409,1510,88,39
217,293,1511,409,1511,88,39
216,293,1512,409,1512,88,39
216,293,1513,409,1513,88,39
215,293,1514,409,1514,88,39
215,293,1515,409,1515,88,39
215,293,1516,409,1516,88,39
215,293,1517,409,1517,88,39
215,293,1518,409,1518,88,39
215,293,1519,409,1519,88,39
215,293,1520,409,1520,88,39
215,293,1521,409,1521,88,39
214,293,1522,409,1522,88,39
214,293,1523,409,1523,88,39
213,293,1524,409,1524,88,39
213,293,1525,409,1525,88,39
213,293,1526,409,1526,88,39
213,293,1527,409,1527,88,39
213,293,1528,409,1528,88,39
213,293,1529,409,1529,88,39
213,293,1530,409,1530,88,39
213,293,1531,409,1531,88,39
213,293,1532,409,1532,88,39
213,293,1533,409,1533,88,39
213,293,1534,409,1534,88,39
213,293,1535,409,1535,88,39
213,293,1536,409,1536,88,39
213,293,1537,409,1537,88,39
213,293,1538,409,1538,88,39
213,293,1539,409,1539,88,39
213,293,1540,409,1540,88,39
213,293,1541,409,1541,88,39
213,293,1542,409,1542,88,39
213,293,1543,409,1543,88,39
213,293,1544,409,1544,88,39
213,293,1545,409,1545,88,39
213,293,1546,409,1546,88,39
213,293,1547,409,1547,88,39
213,293,1548,409,1548,88,39
213,293,1549,409,1549,88,39
213,293,1550,409,1550,88,39
213,293,1551,409,1551,88,39
213,293,1552,409,1552,88,39
213,293,1553,409,1553,88,39
213,293,1554,409,1554,88,39
213,293,1555,409,1555,88,39
213,293,1556,409,1556,88,39
213,293,1557,409,1557,88,39
214,293,1558,409,1558,88,39
214,293,1559,409,1559,88,39
214,293,1560,409,1560,88,39
214,293,1561,409,1561,88,39
214,293,1562,409,1562,88,39
214,293,1563,409,1563,88,39
214,293,1564,409,1564,88,39
214,293,1565,409,1565,88,39
214,293,1566,409,1566,88,39
214,293,1567,409,1567,88,39
214,293,1568,409,1568,88,39
214,293,1569,409,1569,88,39
214,293,1570,409,1570,88,39
213,293,1571,409,1571,88,39
213,293,1572,409,1572,88,39
213,293,1573,409,1573,88,39
213,293,1574,409,1574,88,39
213,293,1575,409,1575,88,39
213,293,1576,409,1576,88,39
213,293,1577,409,1577,88,39
213,293,1578,409,1578,88,39
213,293,1579,409,1579,88,39
213,293,1580,409,1580,88,39
213,293,1581,409,1581,88,39
213,293,1582,409,1582,88,39
213,293,1583,409,1583,88,39
213,293,1584,409,1584,88,39
213,293,1585,409,1585,88,39
213,293,1586,409,1586,88,39
213,293,1587,409,1587,88,39
213,293,1588,409,1588,88,39
213,293,1589,409,1589,88,39
213,293,1590,409,1590,88,39
213,293,1591,409,1591,88,39
214,293,1592,409,1592,88,39
215,293,1593,409,1593,88,39
215,293,1594,409,1594,88,39
214,293,1595,409,1595,88,39
214,293,1596,409,1596,88,39
215,293,1597,409,1597,88,39
215,293,1598,409,1598,88,39
214,293,1599,409,1599,88,39
214,293,1600,409,1600,88,39
214,293,1601,409,1601,88,39
212,293,1602,409,1602,88,39
212,293,1603,409,1603,88,39
212,293,1604,409,1604,88,39
212,293,1605,409,1605,88,39
212,293,1606,409,1606,88,39
212,293,1607,409,1607,88,39
212,293,1608,409,1608,88,39
212,293,1609,409,1609,88,39
212,293,1610,409,1610,88,39
212,293,1611,409,1611,88,39
212,293,1612,409,1612,88,39
212,293,1613,409,1613,88,39
212,293,1614,409,1614,88,39
212,293,1615,409,1615,88,39
212,293,1616,409,1616,88,39
212,293,1617,409,1617,88,39
212,293,1618,409,1618,88,39
212,293,1619,409,1619,88,39
212,293,1620,409,1620,88,39
212,293,1621,409,1621,88,39
212,293,1622,409,1622,88,39
212,293,1623,409,1623,88,39
212,293,1624,409,1624,88,39
212,293,1625,409,1625,88,39
212,293,1626,409,1626,88,39
212,293,1627,409,1627,88,39
212,293,1628,409,1628,88,39
211,293,1629,409,1629,88,38
211,293,1630,409,1630,88,38
212,293,1631,409,1631,88,38
212,293,1632,409,1632,88,38
212,293,1633,409,1633,88,38
212,293,1634,409,1634,88,38
212,293,1635,409,1635,88,38
212,293,1636,409,1636,88,38
212,293,1637,409,1637,88,38
212,293,1638,409,1638,88,38
212,293,1639,409,1639,88,38
212,293,1640,409,1640,88,38
212,293,1641,409,1641,88,38
212,293,1642,409,1642,88,38
212,293,1643,409,1643,88,38
212,293,1644,409,1644,88,38
212,293,1645,409,1645,88,38
212,293,1646,409,1646,88,38
212,293,1647,409,1647,88,38
212,293,1648,409,1648,88,38
212,293,1649,409,1649,88,38
212,293,1650,409,1650,88,38
212,293,1651,409,1651,88,38
211,293,1652,409,1652,88,38
211,293,1653,409,1653,88,38
210,293,1654,409,1654,88,38
210,293,1655,409,1655,88,38
210,293,1656,409,1656,88,38
210,293,1657,409,1657,88,38
210,293,1658,409,1658,88,38
210,293,1659,409,1659,88,38
210,293,1660,409,1660,88,38
210,293,1661,409,1661,88,38
210,293,1662,409,1662,88,38
210,293,1663,409,1663,88,38
210,293,1664,409,1664,88,38
210,293,1665,409,1665,88,38
210,293,1666,409,1666,88,38
210,293,1667,409,1667,88,38
210,293,1668,409,1668,88,38
210,293,1669,409,1669,88,38
210,293,1670,409,1670,88,38
210,293,1671,409,1671,88,38
209,293,1672,409,1672,88,38
209,293,1673,409,1673,88,38
209,293,1674,409,1674,88,38
209,293,1675,409,1675,88,38
209,293,1676,409,1676,88,38
208,293,1677,409,1677,88,38
208,293,1678,409,1678,88,38
208,293,1679,409,1679,88,38
209,293,1680,409,1680,88,38
209,293,1681,409,1681,88,38
209,293,1682,409,1682,88,38
209,293,1683,409,1683,88,38
209,293,1684,409,1684,88,38
209,293,1685,409,1685,88,38
209,293,1686,409,1686,88,38
208,293,1687,409,1687,88,37
207,293,1688,409,1688,88,37
207,293,1689,409,1689,88,37
207,293,1690,409,1690,88,37
207,293,1691,409,1691,88,37
207,293,1692,409,1692,88,37
207,293,1693,409,1693,88,37
207,293,1694,409,1694,88,37
207,293,1695,409,1695,88,37
207,293,1696,409,1696,88,37
207,293,1697,409,1697,88,37
207,293,1698,409,1698,88,37
207,293,1699,409,1699,88,37
207,293,1700,409,1700,88,37
207,293,1701,409,1701,88,37
207,293,1702,409,1702,88,37
207,293,1703,409,1703,88,37
207,293,1704,409,1704,88,37
207,293,1705,409,1705,88,37
207,293,1706,409,1706,88,37
207,293,1707,409,1707,88,37
207,293,1708,409,1708,88,37
207,293,1709,409,1709,88,37
206,293,1710,409,1710,88,37
206,293,1711,409,1711,88,37
206,293,1712,409,1712,88,37
206,293,1713,409,1713,88,37
206,293,1714,409,1714,88,37
206,293,1715,409,1715,88,37
206,293,1716,409,1716,88,37
206,293,1717,409,1717,88,37
206,293,1718,409,1718,88,37
206,293,1719,409,1719,88,37
206,293,1720,409,1720,88,37
206,293,1721,409,1721,88,37
206,293,1722,409,1722,88,37
206,293,1723,409,1723,88,37
206,293,1724,409,1724,88,37
206,293,1725,409,1725,88,37
206,293,1726,409,1726,88,37
206,293,1727,409,1727,88,37
207,293,1728,409,1728,88,37
207,293,1729,409,1729,88,37
207,293,1730,409,1730,88,37
207,293,1731,409,1731,88,37
207,293,1732,409,1732,88,37
208,293,1733,409,1733,88,37
208,293,1734,409,1734,88,37
208,293,1735,409,1735,88,37
208,293,1736,409,1736,88,37
208,293,1737,409,1737,88,37
208,293,1738,409,1738,88,37
208,293,1739,409,1739,88,37
208,293,1740,409,1740,88,37
209,293,1741,409,1741,88,37
209,293,1742,409,1742,88,37
209,293,1743,409,1743,88,37
209,293,1744,409,1744,88,37
209,293,1745,409,1745,88,37
209,293,1746,409,1746,88,37
210,293,1747,409,1747,88,37
209,293,1748,409,1748,88,37
209,293,1749,409,1749,88,37
209,293,1750,409,1750,88,37
209,293,1751,409,1751,88,37
209,293,1752,409,1752,88,37
209,293,1753,409,1753,88,37
209,293,1754,409,1754,88,37
208,293,1755,409,1755,88,37
208,293,1756,409,1756,88,37
208,293,1757,409,1757,88,37
207,293,1758,409,1758,88,37
207,293,1759,409,1759,88,37
207,293,1760,409,1760,88,37
207,293,1761,409,1761,88,37
207,293,1762,409,1762,88,37
207,293,1763,409,1763,88,37
207,293,1764,409,1764,88,37
207,293,1765,409,1765,88,37
207,293,1766,409,1766,88,37
207,293,1767,409,1767,88,37
207,293,1768,409,1768,88,37
207,293,1769,409,1769,88,37
207,293,1770,409,1770,88,37
207,293,1771,409,1771,88,37
207,293,1772,409,1772,88,37
207,293,1773,409,1773,88,37
207,293,1774,409,1774,88,37
207,293,1775,409,1775,88,37
207,293,1776,409,1776,88,37
207,293,1777,409,1777,88,37
207,293,1778,409,1778,88,37
207,293,1779,409,1779,88,37
207,293,1780,409,1780,88,37
207,293,1781,409,1781,88,37
207,293,1782,409,1782,88,37
207,293,1783,409,1783,88,37
206,293,1784,409,1784,88,37
206,293,1785,409,1785,88,37
206,293,1786,409,1786,88,37
205,293,1787,409,1787,88,36
205,293,1788,409,1788,88,36
205,293,1789,409,1789,88,36
205,293,1790,409,1790,88,36
205,293,1791,409,1791,88,36
205,293,1792,409,1792,88,36
205,293,1793,409,1793,88,36
205,293,1794,409,1794,88,36
204,293,1795,409,1795,88,36
204,293,1796,409,1796,88,36
204,293,1797,409,1797,88,36
203,293,1798,409,1798,88,35
203,293,1799,409,1799,88,35
203,293,1800,409,1800,88,35
203,293,1801,409,1801,88,35
203,293,1802,409,1802,88,35
203,293,1803,409,1803,88,35
203,293,1804,409,1804,88,35
203,293,1805,409,1805,88,35
203,293,1806,409,1806,88,35
203,293,1807,409,1807,88,35
203,293,1808,409,1808,88,35
203,293,1809,409,1809,88,35
203,293,1810,409,1810,88,35
203,293,1811,409,1811,88,35
203,293,1812,409,1812,88,35
203,293,1813,409,1813,88,35
203,293,1814,409,1814,88,35
203,293,1815,409,1815,88,35
203,293,1816,409,1816,88,35
203,293,1817,409,1817,88,35
203,293,1818,409,1818,88,35
203,293,1819,409,1819,88,35
203,293,1820,409,1820,88,35
203,293,1821,409,1821,88,35
203,293,1822,409,1822,88,35
203,293,1823,409,1823,88,35
203,293,1824,409,1824,88,35
203,293,1825,409,1825,88,35
203,293,1826,409,1826,88,35
203,293,1827,409,1827,88,35
203,293,1828,409,1828,88,35
203,293,1829,409,1829,88,35
203,293,1830,409,1830,88,35
203,293,1831,409,1831,88,35
203,293,1832,409,1832,88,35
203,293,1833,409,1833,88,35
203,293,1834,409,1834,88,35
203,293,1835,409,1835,88,35
203,293,1836,409,1836,88,35
203,293,1837,409,1837,88,35
203,293,1838,409,1838,88,35
203,293,1839,409,1839,88,35
203,293,1840,409,1840,88,35
203,293,1841,409,1841,88,35
203,293,1842,409,1842,88,35
203,293,1843,409,1843,88,35
203,293,1844,409,1844,88,35
203,293,1845,409,1845,88,35
203,293,1846,409,1846,88,35
203,293,1847,409,1847,88,35
203,293,1848,409,1848,88,35
203,293,1849,409,1849,88,35
204,293,1850,409,1850,88,35
204,293,1851,409,1851,88,35
204,293,1852,409,1852,88,35
204,293,1853,409,1853,88,35
204,293,1854,409,1854,88,35
204,293,1855,409,1855,88,35
204,293,1856,409,1856,88,35
204,293,1857,409,1857,88,35
204,293,1858,409,1858,88,35
204,293,1859,409,1859,88,35
204,293,1860,409,1860,88,35
204,293,1861,409,1861,88,35
203,293,1862,409,1862,88,34
203,293,1863,409,1863,88,34
203,293,1864,409,1864,88,34
203,293,1865,409,1865,88,34
203,293,1866,409,1866,88,34
203,293,1867,409,1867,88,34
203,293,1868,409,1868,88,34
203,293,1869,409,1869,88,34
203,293,1870,409,1870,88,34
203,293,1871,409,1871,88,34
203,293,1872,409,1872,88,34
203,293,1873,409,1873,88,34
203,293,1874,409,1874,88,34
203,293,1875,409,1875,88,34
203,293,1876,409,1876,88,34
203,293,1877,409,1877,88,34
203,293,1878,409,1878,88,34
203,293,1879,409,1879,88,34
203,293,1880,409,1880,88,34
203,293,1881,409,1881,88,34
203,293,1882,409,1882,88,34
203,293,1883,409,1883,88,34
203,293,1884,409,1884,88,34
203,293,1885,409,1885,88,34
203,293,1886,409,1886,88,34
203,293,1887,409,1887,88,34
203,293,1888,409,1888,88,34
203,293,1889,409,1889,88,34
203,293,1890,409,1890,88,34
203,293,1891,409,1891,88,34
203,293,1892,409,1892,88,34
203,293,1893,409,1893,88,34
203,293,1894,409,1894,88,34
203,293,1895,409,1895,88,34
203,293,1896,409,1896,88,34
203,293,1897,409,1897,88,34
203,293,1898,409,1898,88,34
203,293,1899,409,1899,88,34
203,293,1900,409,1900,88,34
203,293,1901,409,1901,88,34
204,293,1902,409,1902,88,34
204,293,1903,409,1903,88,34
203,293,1904,409,1904,88,34
203,293,1905,409,1905,88,34
203,293,1906,409,1906,88,34
203,293,1907,409,1907,88,34
203,293,1908,409,1908,88,34
203,293,1909,409,1909,88,34
203,293,1910,409,1910,88,34
203,293,1911,409,1911,88,34
204,293,1912,409,1912,88,34
204,293,1913,409,1913,88,34
205,293,1914,409,1914,88,34
205,293,1915,409,1915,88,34
205,293,1916,409,1916,88,34
205,293,1917,409,1917,88,34
205,293,1918,409,1918,88,34
204,293,1919,409,1919,88,34
204,293,1920,409,1920,88,34
204,293,1921,409,1921,88,34
204,293,1922,409,1922,88,34
204,293,1923,409,1923,88,34
204,293,1924,409,1924,88,34
203,293,1925,409,1925,88,34
203,293,1926,409,1926,88,34
203,293,1927,409,1927,88,34
203,293,1928,409,1928,88,34
203,293,1929,409,1929,88,34
203,293,1930,409,1930,88,34
203,293,1931,409,1931,88,34
203,293,1932,409,1932,88,34
203,293,1933,409,1933,88,34
203,293,1934,409,1934,88,34
203,293,1935,409,1935,88,34
204,293,1936,409,1936,88,34
204,293,1937,409,1937,88,34
204,293,1938,409,1938,88,34
204,293,1939,409,1939,88,34
204,293,1940,409,1940,88,34
204,293,1941,409,1941,88,34
204,293,1942,409,1942,88,34
204,293,1943,409,1943,88,34
204,293,1944,409,1944,88,34
204,293,1945,409,1945,88,34
204,293,1946,409,1946,88,34
204,293,1947,409,1947,88,34
204,293,1948,409,1948,88,34
204,293,1949,409,1949,88,34
205,293,1950,409,1950,88,34
205,293,1951,409,1951,88,34
205,293,1952,409,1952,88,34
205,293,1953,409,1953,88,34
205,293,1954,409,1954,88,34
205,293,1955,409,1955,88,34
205,293,1956,409,1956,88,34
205,293,1957,409,1957,88,34
205,293,1958,409,1958,88,34
205,293,1959,409,1959,88,34
205,293,1960,409,1960,88,34
205,293,1961,409,1961,88,34
205,293,1962,409,1962,88,34
205,293,1963,409,1963,88,34
205,293,1964,409,1964,88,34
205,293,1965,409,1965,88,34
205,293,1966,409,1966,88,34
205,293,1967,409,1967,88,34
205,293,1968,409,1968,88,34
205,293,1969,409,1969,88,34
206,293,1970,409,1970,88,34
206,293,1971,409,1971,88,34
206,293,1972,409,1972,88,34
206,293,1973,409,1973,88,34
206,293,1974,409,1974,88,34
206,293,1975,409,1975,88,34
206,293,1976,409,1976,88,34
206,293,1977,409,1977,88,34
206,293,1978,409,1978,88,34
206,293,1979,409,1979,88,34
206,293,1980,409,1980,88,34
206,293,1981,409,1981,88,34
206,293,1982,409,1982,88,34
206,293,1983,409,1983,88,34
206,293,1984,409,1984,88,34
206,293,1985,409,1985,88,34
206,293,1986,409,1986,88,34
206,293,1987,409,1987,88,34
206,293,1988,409,1988,88,34
206,293,1989,409,1989,88,34
206,293,1990,409,1990,88,34
206,293,1991,409,1991,88,34
206,293,1992,409,1992,88,34
206,293,1993,409,1993,88,34
206,293,1994,409,1994,88,34
206,293,1995,409,1995,88,34
206,293,1996,409,1996,88,34
206,293,1997,409,1997,88,34
206,293,1998,409,1998,88,34
206,293,1999,409,1999,88,34
205,293,2000,409,2000,88,34
205,293,2001,409,2001,88,34
206,293,2002,409,2002,88,34
206,293,2003,409,2003,88,34
206,293,2004,409,2004,88,34
206,293,2005,409,2005,88,34
206,293,2006,409,2006,88,34
206,293,2007,409,2007,88,34
206,293,2008,409,2008,88,34
206,293,2009,409,2009,88,34
205,293,2010,409,2010,88,34
205,293,2011,409,2011,88,34
205,293,2012,409,2012,88,34
205,293,2013,409,2013,88,34
205,293,2014,409,2014,88,34
205,293,2015,409,2015,88,34
205,293,2016,409,2016,88,34
205,293,2017,409,2017,88,34
205,293,2018,409,2018,88,34
205,293,2019,409,2019,88,34
205,293,2020,409,2020,88,34
205,293,2021,409,2021,88,34
205,293,2022,409,2022,88,34
205,293,2023,409,2023,88,34
205,293,2024,409,2024,88,34
205,293,2025,409,2025,88,34
205,293,2026,409,2026,88,34
205,293,2027,409,2027,88,34
205,293,2028,409,2028,88,34
205,293,2029,409,2029,88,34
205,293,2030,409,2030,88,34
205,293,2031,409,2031,88,34
205,293,2032,409,2032,88,34
205,293,2033,409,2033,88,34
205,293,2034,409,2034,88,34
205,293,2035,409,2035,88,34
205,293,2036,409,2036,88,34
205,293,2037,409,2037,88,34
205,293,2038,409,2038,88,34
205,293,2039,409,2039,88,34
205,293,2040,409,2040,88,34
205,293,2041,409,2041,88,34
205,293,2042,409,2042,88,34
205,293,2043,409,2043,88,34
204,293,2044,409,2044,88,34
204,293,2045,409,2045,88,34
204,293,2046,409,2046,88,34
204,293,2047,409,2047,88,34
204,293,2048,409,2048,88,34
204,293,2049,409,2049,88,34
204,293,2050,409,2050,88,34
204,293,2051,409,2051,88,34
204,293,2052,409,2052,88,34
204,293,2053,409,2053,88,34
204,293,2054,409,2054,88,34
204,293,2055,409,2055,88,34
204,293,2056,409,2056,88,34
204,293,2057,409,2057,88,34
204,293,2058,409,2058,88,34
204,293,2059,409,2059,88,34
204,293,2060,409,2060,88,34
204,293,2061,409,2061,88,34
204,293,2062,409,2062,88,34
204,293,2063,409,2063,88,34
204,293,2064,409,2064,88,34
204,293,2065,409,2065,88,34
204,293,2066,409,2066,88,34
204,293,2067,409,2067,88,34
204,293,2068,409,2068,88,34
204,293,2069,409,2069,88,34
204,293,2070,409,2070,88,34
204,293,2071,409,2071,88,34
204,293,2072,409,2072,88,34
204,293,2073,409,2073,88,34
204,293,2074,409,2074,88,34
204,293,2075,409,2075,88,34
204,293,2076,409,2076,88,34
204,293,2077,409,2077,88,34
204,293,2078,409,2078,88,34
204,293,2079,409,2079,88,34
204,293,2080,409,2080,88,34
204,293,2081,409,2081,88,34
204,293,2082,409,2082,88,34
204,293,2083,409,2083,88,34
204,293,2084,409,2084,88,34
204,293,2085,409,2085,88,34
204,293,2086,409,2086,88,34
204,293,2087,409,2087,88,34
204,293,2088,409,2088,88,34
204,293,2089,409,2089,88,34
204,293,2090,409,2090,88,34
204,293,2091,409,2091,88,34
204,293,2092,409,2092,88,34
204,293,2093,409,2093,88,34
204,293,2094,409,2094,88,34
204,293,2095,409,2095,88,34
204,293,2096,409,2096,88,34
204,293,2097,409,2097,88,34
204,293,2098,409,2098,88,34
204,293,2099,409,2099,88,34
204,293,2100,409,2100,88,34
204,293,2101,409,2101,88,34
204,293,2102,409,2102,88,34
204,293,2103,409,2103,88,34
204,293,2104,409,2104,88,34
204,293,2105,409,2105,88,34
204,293,2106,409,2106,88,34
204,293,2107,409,2107,88,34
204,293,2108,409,2108,88,34
204,293,2109,409,2109,88,34
204,293,2110,409,2110,88,34
204,293,2111,409,2111,88,34
204,293,2112,409,2112,88,34
204,293,2113,409,2113,88,34
204,293,2114,409,2114,88,34
204,293,2115,409,2115,88,34
204,293,2116,409,2116,88,34
205,293,2117,409,2117,88,34
205,293,2118,409,2118,88,34
205,293,2119,409,2119,88,34
204,293,2120,409,2120,88,34
204,293,2121,409,2121,88,34
204,293,2122,409,2122,88,34
204,293,2123,409,2123,88,34
204,293,2124,409,2124,88,34
204,293,2125,409,2125,88,34
204,293,2126,409,2126,88,34
204,293,2127,409,2127,88,34
204,293,2128,409,2128,88,34
204,293,2129,409,2129,88,34
204,293,2130,409,2130,88,34
204,293,2131,409,2131,88,34
204,293,2132,409,2132,88,34
204,293,2133,409,2133,88,34
204,293,2134,409,2134,88,34
204,293,2135,409,2135,88,34
204,293,2136,409,2136,88,34
204,293,2137,409,2137,88,34
204,293,2138,409,2138,88,34
204,293,2139,409,2139,88,34
204,293,2140,409,2140,88,34
204,293,2141,409,2141,88,34
204,293,2142,409,2142,88,34
204,293,2143,409,2143,88,34
204,293,2144,409,2144,88,34
204,293,2145,409,2145,88,34
204,293,2146,409,2146,88,34
204,293,2147,409,2147,88,34
204,293,2148,409,2148,88,34
204,293,2149,409,2149,88,34
204,293,2150,409,2150,88,34
204,293,2151,409,2151,88,34
205,293,2152,409,2152,88,34
205,293,2153,409,2153,88,34
205,293,2154,409,2154,88,34
205,293,2155,409,2155,88,34
205,293,2156,409,2156,88,34
205,293,2157,409,2157,88,34
205,293,2158,409,2158,88,34
205,293,2159,409,2159,88,34
205,293,2160,409,2160,88,34
205,293,2161,409,2161,88,34
205,293,2162,409,2162,88,34
205,293,2163,409,2163,88,34
205,293,2164,409,2164,88,34
205,293,2165,409,2165,88,34
205,293,2166,409,2166,88,34
205,293,2167,409,2167,88,34
205,293,2168,409,2168,88,34
205,293,2169,409,2169,88,34
205,293,2170,409,2170,88,34
205,293,2171,409,2171,88,34
205,293,2172,409,2172,88,34
205,293,2173,409,2173,88,34
205,293,2174,409,2174,88,34
205,293,2175,409,2175,88,34
205,293,2176,409,2176,88,34
205,293,2177,409,2177,88,34
205,293,2178,409,2178,88,34
204,293,2179,409,2179,88,34
204,293,2180,409,2180,88,34
204,293,2181,409,2181,88,34
204,293,2182,409,2182,88,34
204,293,2183,409,2183,88,34
204,293,2184,409,2184,88,34
204,293,2185,409,2185,88,34
204,293,2186,409,2186,88,34
204,293,2187,409,2187,88,34
204,293,2188,409,2188,88,34
204,293,2189,409,2189,88,34
204,293,2190,409,2190,88,34
204,293,2191,409,2191,88,34
204,293,2192,409,2192,88,34
204,293,2193,409,2193,88,34
204,293,2194,409,2194,88,34
204,293,2195,409,2195,88,34
204,293,2196,409,2196,88,34
204,293,2197,409,2197,88,34
204,293,2198,409,2198,88,34
204,293,2199,409,2199,88,34
204,293,2200,409,2200,88,34
204,293,2201,409,2201,88,34
204,293,2202,409,2202,88,34
204,293,2203,409,2203,88,34
204,293,2204,409,2204,88,34
204,293,2205,409,2205,88,34
204,293,2206,409,2206,88,34
204,293,2207,409,2207,88,34
204,293,2208,409,2208,88,34
204,293,2209,409,2209,88,34
204,293,2210,409,2210,88,34
204,293,2211,409,2211,88,34
204,293,2212,409,2212,88,34
204,293,2213,409,2213,88,34
204,293,2214,409,2214,88,34
204,293,2215,409,2215,88,34
204,293,2216,409,2216,88,34
204,293,2217,409,2217,88,34
204,293,2218,409,2218,88,34
204,293,2219,409,2219,88,34
204,293,2220,409,2220,88,34
204,293,2221,409,2221,88,34
204,293,2222,409,2222,88,34
203,293,2223,409,2223,88,34
203,293,2224,409,2224,88,34
203,293,2225,409,2225,88,34
203,293,2226,409,2226,88,34
203,293,2227,409,2227,88,34
203,293,2228,409,2228,88,34
203,293,2229,409,2229,88,34
203,293,2230,409,2230,88,34
203,293,2231,409,2231,88,34
203,293,2232,409,2232,88,34
203,293,2233,409,2233,88,34
203,293,2234,409,2234,88,34
203,293,2235,409,2235,88,34
203,293,2236,409,2236,88,34
203,293,2237,409,2237,88,34
203,293,2238,409,2238,88,34
203,293,2239,409,2239,88,34
203,293,2240,409,2240,88,34
203,293,2241,409,2241,88,34
203,293,2242,409,2242,88,34
203,293,2243,409,2243,88,34
203,293,2244,409,2244,88,34
203,293,2245,409,2245,88,34
203,293,2246,409,2246,88,34
203,293,2247,409,2247,88,34
203,293,2248,409,2248,88,34
203,293,2249,409,2249,88,34
203,293,2250,409,2250,88,34
203,293,2251,409,2251,88,34
203,293,2252,409,2252,88,34
203,293,2253,409,2253,88,34
203,293,2254,409,2254,88,34
203,293,2255,409,2255,88,34
203,293,2256,409,2256,88,34
203,293,2257,409,2257,88,34
203,293,2258,409,2258,88,34
203,293,2259,409,2259,88,34
203,293,2260,409,2260,88,34
203,293,2261,409,2261,88,34
203,293,2262,409,2262,88,34
203,293,2263,409,2263,88,34
203,293,2264,409,2264,88,34
203,293,2265,409,2265,88,34
203,293,2266,409,2266,88,34
203,293,2267,409,2267,88,34
203,293,2268,409,2268,88,34
203,293,2269,409,2269,88,34
203,293,2270,409,2270,88,34
203,293,2271,409,2271,88,34
203,293,2272,409,2272,88,34
203,293,2273,409,2273,88,34
203,293,2274,409,2274,88,34
203,293,2275,409,2275,88,34
203,293,2276,409,2276,88,34
203,293,2277,409,2277,88,34
203,293,2278,409,2278,88,34
203,293,2279,409,2279,88,34
203,293,2280,409,2280,88,34
203,293,2281,409,2281,88,34
203,293,2282,409,2282,88,34
203,293,2283,409,2283,88,34
203,293,2284,409,2284,88,34
203,293,2285,409,2285,88,34
203,293,2286,409,2286,88,34
203,293,2287,409,2287,88,34
203,293,2288,409,2288,88,34
203,293,2289,409,2289,88,34
203,293,2290,409,2290,88,34
203,293,2291,409,2291,88,34
202,293,2292,409,2292,88,34
202,293,2293,409,2293,88,34
202,293,2294,409,2294,88,34
202,293,2295,409,2295,88,34
202,293,2296,409,2296,88,34
202,293,2297,409,2297,88,34
202,293,2298,409,2298,88,34
202,293,2299,409,2299,88,34
202,293,2300,409,2300,88,34
202,293,2301,409,2301,88,34
202,293,2302,409,2302,88,34
202,293,2303,409,2303,88,34
202,293,2304,409,2304,88,34
202,293,2305,409,2305,88,34
202,293,2306,409,2306,88,34
202,293,2307,409,2307,88,34
202,293,2308,409,2308,88,34
202,293,2309,409,2309,88,34
202,293,2310,409,2310,88,34
202,293,2311,409,2311,88,34
202,293,2312,409,2312,88,34
202,293,2313,409,2313,88,34
202,293,2314,409,2314,88,34
202,293,2315,409,2315,88,34
201,293,2316,409,2316,88,33
201,293,2317,409,2317,88,33
201,293,2318,409,2318,88,33
201,293,2319,409,2319,88,33
201,293,2320,409,2320,88,33
201,293,2321,409,2321,88,33
201,293,2322,409,2322,88,33
202,293,2323,409,2323,88,33
202,293,2324,409,2324,88,33
202,293,2325,409,2325,88,33
202,293,2326,409,2326,88,33
202,293,2327,409,2327,88,33
202,293,2328,409,2328,88,33
202,293,2329,409,2329,88,33
202,293,2330,409,2330,88,33
202,293,2331,409,2331,88,33
202,293,2332,409,2332,88,33
202,293,2333,409,2333,88,33
202,293,2334,409,2334,88,33
202,293,2335,409,2335,88,33
202,293,2336,409,2336,88,33
202,293,2337,409,2337,88,33
202,293,2338,409,2338,88,33
202,293,2339,409,2339,88,33
202,293,2340,409,2340,88,33
202,293,2341,409,2341,88,33
202,293,2342,409,2342,88,33
202,293,2343,409,2343,88,33
202,293,2344,409,2344,88,33
202,293,2345,409,2345,88,33
202,293,2346,409,2346,88,33
202,293,2347,409,2347,88,33
202,293,2348,409,2348,88,33
202,293,2349,409,2349,88,33
202,293,2350,409,2350,88,33
202,293,2351,409,2351,88,33
202,293,2352,409,2352,88,33
202,293,2353,409,2353,88,33
202,293,2354,409,2354,88,33
202,293,2355,409,2355,88,33
202,293,2356,409,2356,88,33
202,293,2357,409,2357,88,33
202,293,2358,409,2358,88,33
202,293,2359,409,2359,88,33
202,293,2360,409,2360,88,33
202,293,2361,409,2361,88,33
202,293,2362,409,2362,88,33
202,293,2363,409,2363,88,33
202,293,2364,409,2364,88,33
202,293,2365,409,2365,88,33
202,293,2366,409,2366,88,33
202,293,2367,409,2367,88,33
202,293,2368,409,2368,88,33
202,293,2369,409,2369,88,33
201,293,2370,409,2370,88,33
201,293,2371,409,2371,88,33
201,293,2372,409,2372,88,33
201,293,2373,409,2373,88,33
201,293,2374,409,2374,88,33
201,293,2375,409,2375,88,33
201,293,2376,409,2376,88,33
201,293,2377,409,2377,88,33
201,293,2378,409,2378,88,33
201,293,2379,409,2379,88,33
201,293,2380,409,2380,88,33
201,293,2381,409,2381,88,33
201,293,2382,409,2382,88,33
201,293,2383,409,2383,88,33
201,293,2384,409,2384,88,33
201,293,2385,409,2385,88,33
201,293,2386,409,2386,88,33
201,293,2387,409,2387,88,33
201,293,2388,409,2388,88,33
201,293,2389,409,2389,88,33
201,293,2390,409,2390,88,33
201,293,2391,409,2391,88,33
201,293,2392,409,2392,88,33
201,293,2393,409,2393,88,33
201,293,2394,409,2394,88,33
201,293,2395,409,2395,88,33
201,293,2396,409,2396,88,33
201,293,2397,409,2397,88,33
201,293,2398,409,2398,88,33
201,293,2399,409,2399,88,33
201,293,2400,409,2400,88,33
201,293,2401,409,2401,88,33
201,293,2402,409,2402,88,33
201,293,2403,409,2403,88,33
201,293,2404,409,2404,88,33
201,293,2405,409,2405,88,33
201,293,2406,409,2406,88,33
201,293,2407,409,2407,88,33
201,293,2408,409,2408,88,33
201,293,2409,409,2409,88,33
201,293,2410,409,2410,88,33
201,293,2411,409,2411,88,33
201,293,2412,409,2412,88,33
201,293,2413,409,2413,88,33
201,293,2414,409,2414,88,33
201,293,2415,409,2415,88,33
201,293,2416,409,2416,88,33
201,293,2417,409,2417,88,33
201,293,2418,409,2418,88,33
201,293,2419,409,2419,88,33
201,293,2420,409,2420,88,33
201,293,2421,409,2421,88,33
201,293,2422,409,2422,88,33
201,293,2423,409,2423,88,33
201,293,2424,409,2424,88,33
201,293,2425,409,2425,88,33
201,293,2426,409,2426,88,33
201,293,2427,409,2427,88,33
201,293,2428,409,2428,88,33
201,293,2429,409,2429,88,33
201,293,2430,409,2430,88,33
201,293,2431,409,2431,88,33
201,293,2432,409,2432,88,33
201,293,2433,409,2433,88,33
201,293,2434,409,2434,88,33
201,293,2435,409,2435,88,33
201,293,2436,409,2436,88,33
201,293,2437,409,2437,88,33
201,293,2438,409,2438,88,33
201,293,2439,409,2439,88,33
201,293,2440,409,2440,88,33
201,293,2441,409,2441,88,33
201,293,2442,409,2442,88,33
201,293,2443,409,2443,88,33
201,293,2444,409,2444,88,33
201,293,2445,409,2445,88,33
201,293,2446,409,2446,88,33
201,293,2447,409,2447,88,33
201,293,2448,409,2448,88,33
201,293,2449,409,2449,88,33
201,293,2450,409,2450,88,33
201,293,2451,409,2451,88,33
201,293,2452,409,2452,88,33
201,293,2453,409,2453,88,33
201,293,2454,409,2454,88,33
201,293,2455,409,2455,88,33
201,293,2456,409,2456,88,33
201,293,2457,409,2457,88,33
201,293,2458,409,2458,88,33
201,293,2459,409,2459,88,33
201,293,2460,409,2460,88,33
201,293,2461,409,2461,88,33
201,293,2462,409,2462,88,33
201,293,2463,409,2463,88,33
201,293,2464,409,2464,88,33
201,293,2465,409,2465,88,33
201,293,2466,409,2466,88,33
201,293,2467,409,2467,88,33
201,293,2468,409,2468,88,33
201,293,2469,409,2469,88,33
201,293,2470,409,2470,88,33
201,293,2471,409,2471,88,33
201,293,2472,409,2472,88,33
201,293,2473,409,2473,88,33
201,293,2474,409,2474,88,33
201,293,2475,409,2475,88,33
201,293,2476,409,2476,88,33
201,293,2477,409,2477,88,33
201,293,2478,409,2478,88,33
201,293,2479,409,2479,88,33
201,293,2480,409,2480,88,33
201,293,2481,409,2481,88,33
201,293,2482,409,2482,88,33
201,293,2483,409,2483,88,33
201,293,2484,409,2484,88,33
201,293,2485,409,2485,88,33
201,293,2486,409,2486,88,33
201,293,2487,409,2487,88,33
201,293,2488,409,2488,88,33
201,293,2489,409,2489,88,33
201,293,2490,409,2490,88,33
201,293,2491,409,2491,88,33
201,293,2492,409,2492,88,33
201,293,2493,409,2493,88,33
201,293,2494,409,2494,88,33
201,293,2495,409,2495,88,33
201,293,2496,409,2496,88,33
201,293,2497,409,2497,88,33
201,293,2498,409,2498,88,33
201,293,2499,409,2499,88,33
201,293,2500,409,2500,88,33
201,293,2501,409,2501,88,33
201,293,2502,409,2502,88,33
201,293,2503,409,2503,88,33
201,293,2504,409,2504,88,33
201,293,2505,409,2505,88,33
201,293,2506,409,2506,88,33
201,293,2507,409,2507,88,33
201,293,2508,409,2508,88,33
201,293,2509,409,2509,88,33
201,293,2510,409,2510,88,33
201,293,2511,409,2511,88,33
201,293,2512,409,2512,88,33
201,293,2513,409,2513,88,33
201,293,2514,409,2514,88,33
201,293,2515,409,2515,88,33
201,293,2516,409,2516,88,33
201,293,2517,409,2517,88,33
201,293,2518,409,2518,88,33
201,293,2519,409,2519,88,33
201,293,2520,409,2520,88,33
201,293,2521,409,2521,88,33
201,293,2522,409,2522,88,33
201,293,2523,409,2523,88,33
201,293,2524,409,2524,88,33
201,293,2525,409,2525,88,33
201,293,2526,409,2526,88,33
201,293,2527,409,2527,88,33
201,293,2528,409,2528,88,33
201,293,2529,409,2529,88,33
201,293,2530,409,2530,88,33
201,293,2531,409,2531,88,33
201,293,2532,409,2532,88,33
201,293,2533,409,2533,88,33
201,293,2534,409,2534,88,33
201,293,2535,409,2535,88,33
201,293,2536,409,2536,88,33
201,293,2537,409,2537,88,33
201,293,2538,409,2538,88,33
201,293,2539,409,2539,88,33
201,293,2540,409,2540,88,33
201,293,2541,409,2541,88,33
201,293,2542,409,2542,88,33
201,293,2543,409,2543,88,33
201,293,2544,409,2544,88,33
201,293,2545,409,2545,88,33
201,293,2546,409,2546,88,33
201,293,2547,409,2547,88,33
201,293,2548,409,2548,88,33
201,293,2549,409,2549,88,33
201,293,2550,409,2550,88,33
201,293,2551,409,2551,88,33
201,293,2552,409,2552,88,33
201,293,2553,409,2553,88,33
201,293,2554,409,2554,88,33
201,293,2555,409,2555,88,33
201,293,2556,409,2556,88,33
201,293,2557,409,2557,88,33
201,293,2558,409,2558,88,33
201,293,2559,409,2559,88,33
201,293,2560,409,2560,88,33
201,293,2561,409,2561,88,33
201,293,2562,409,2562,88,33
201,293,2563,409,2563,88,33
201,293,2564,409,2564,88,33
201,293,2565,409,2565,88,33
201,293,2566,409,2566,88,33
201,293,2567,409,2567,88,33
201,293,2568,409,2568,88,33
201,293,2569,409,2569,88,33
201,293,2570,409,2570,88,33
201,293,2571,409,2571,88,33
201,293,2572,409,2572,88,33
201,293,2573,409,2573,88,33
201,293,2574,409,2574,88,33
201,293,2575,409,2575,88,33
201,293,2576,409,2576,88,33
201,293,2577,409,2577,88,33
201,293,2578,409,2578,88,33
201,293,2579,409,2579,88,33
201,293,2580,409,2580,88,33
201,293,2581,409,2581,88,33
201,293,2582,409,2582,88,33
201,293,2583,409,2583,88,33
201,293,2584,409,2584,88,33
201,293,2585,409,2585,88,33
201,293,2586,409,2586,88,33
201,293,2587,409,2587,88,33
201,293,2588,409,2588,88,33
200,293,2589,409,2589,88,32
200,293,2590,409,2590,88,32
200,293,2591,409,2591,88,32
200,293,2592,409,2592,88,32
200,293,2593,409,2593,88,32
200,293,2594,409,2594,88,32
200,293,2595,409,2595,88,32
200,293,2596,409,2596,88,32
200,293,2597,409,2597,88,32
200,293,2598,409,2598,88,32
200,293,2599,409,2599,88,32
200,293,2600,409,2600,88,32
200,293,2601,409,2601,88,32
200,293,2602,409,2602,88,32
200,293,2603,409,2603,88,32
200,293,2604,409,2604,88,32
200,293,2605,409,2605,88,32
200,293,2606,409,2606,88,32
200,293,2607,409,2607,88,32
200,293,2608,409,2608,88,32
200,293,2609,409,2609,88,32
200,293,2610,409,2610,88,32
200,293,2611,409,2611,88,32
200,293,2612,409,2612,88,32
200,293,2613,409,2613,88,32
200,293,2614,409,2614,88,32
200,293,2615,409,2615,88,32
200,293,2616,409,2616,88,32
200,293,2617,409,2617,88,32
200,293,2618,409,2618,88,32
200,293,2619,409,2619,88,32
200,293,2620,409,2620,88,32
200,293,2621,409,2621,88,32
200,293,2622,409,2622,88,32
200,293,2623,409,2623,88,32
200,293,2624,409,2624,88,32
200,293,2625,409,2625,88,32
200,293,2626,409,2626,88,32
200,293,2627,409,2627,88,32
200,293,2628,409,2628,88,32
200,293,2629,409,2629,88,32
200,293,2630,409,2630,88,32
200,293,2631,409,2631,88,32
200,293,2632,409,2632,88,32
200,293,2633,409,2633,88,32
200,293,2634,409,2634,88,32
200,293,2635,409,2635,88,32
200,293,2636,409,2636,88,32
200,293,2637,409,2637,88,32
200,293,2638,409,2638,88,32
200,293,2639,409,2639,88,32
200,293,2640,409,2640,88,32
200,293,2641,409,2641,88,32
200,293,2642,409,2642,88,32
200,293,2643,409,2643,88,32
200,293,2644,409,2644,88,32
200,293,2645,409,2645,88,32
200,293,2646,409,2646,88,32
200,293,2647,409,2647,88,32
200,293,2648,409,2648,88,32
200,293,2649,409,2649,88,32
200,293,2650,409,2650,88,32
200,293,2651,409,2651,88,32
200,293,2652,409,2652,88,32
200,293,2653,409,2653,88,32
200,293,2654,409,2654,88,32
200,293,2655,409,2655,88,32
200,293,2656,409,2656,88,32
200,293,2657,409,2657,88,32
200,293,2658,409,2658,88,32
200,293,2659,409,2659,88,32
200,293,2660,409,2660,88,32
200,293,2661,409,2661,88,32
200,293,2662,409,2662,88,32
200,293,2663,409,2663,88,32
200,293,2664,409,2664,88,32
200,293,2665,409,2665,88,32
200,293,2666,409,2666,88,32
200,293,2667,409,2667,88,32
200,293,2668,409,2668,88,32
200,293,2669,409,2669,88,32
200,293,2670,409,2670,88,32
200,293,2671,409,2671,88,32
200,293,2672,409,2672,88,32
200,293,2673,409,2673,88,32
200,293,2674,409,2674,88,32
200,293,2675,409,2675,88,32
200,293,2676,409,2676,88,32
200,293,2677,409,2677,88,32
200,293,2678,409,2678,88,32
200,293,2679,409,2679,88,32
200,293,2680,409,2680,88,32
200,293,2681,409,2681,88,32
200,293,2682,409,2682,88,32
200,293,2683,409,2683,88,32
200,293,2684,409,2684,88,32
200,293,2685,409,2685,88,32
200,293,2686,409,2686,88,32
200,293,2687,409,2687,88,32
200,293,2688,409,2688,88,32
200,293,2689,409,2689,88,32
200,293,2690,409,2690,88,32
200,293,2691,409,2691,88,32
200,293,2692,409,2692,88,32
200,293,2693,409,2693,88,32
200,293,2694,409,2694,88,32
200,293,2695,409,2695,88,32
200,293,2696,409,2696,88,32
200,293,2697,409,2697,88,32
200,293,2698,409,2698,88,32
200,293,2699,409,2699,88,32
200,293,2700,409,2700,88,32
200,293,2701,409,2701,88,32
200,293,2702,409,2702,88,32
200,293,2703,409,2703,88,32
200,293,2704,409,2704,88,32
200,293,2705,409,2705,88,32
200,293,2706,409,2706,88,32
200,293,2707,409,2707,88,32
200,293,2708,409,2708,88,32
200,293,2709,409,2709,88,32
200,293,2710,409,2710,88,32
200,293,2711,409,2711,88,32
200,293,2712,409,2712,88,32
200,293,2713,409,2713,88,32
200,293,2714,409,2714,88,32
200,293,2715,409,2715,88,32
200,293,2716,409,2716,88,32
200,293,2717,409,2717,88,32
200,293,2718,409,2718,88,32
200,293,2719,409,2719,88,32
200,293,2720,409,2720,88,32
200,293,2721,409,2721,88,32
200,293,2722,409,2722,88,32
200,293,2723,409,2723,88,32
200,293,2724,409,2724,88,32
200,293,2725,409,2725,88,32
200,293,2726,409,2726,88,32
200,293,2727,409,2727,88,32
200,293,2728,409,2728,88,32
200,293,2729,409,2729,88,32
200,293,2730,409,2730,88,32
200,293,2731,409,2731,88,32
200,293,2732,409,2732,88,32
200,293,2733,409,2733,88,32
200,293,2734,409,2734,88,32
200,293,2735,409,2735,88,32
200,293,2736,409,2736,88,32
200,293,2737,409,2737,88,32
200,293,2738,409,2738,88,32
200,293,2739,409,2739,88,32
200,293,2740,409,2740,88,32
200,293,2741,409,2741,88,32
200,293,2742,409,2742,88,32
200,293,2743,409,2743,88,32
200,293,2744,409,2744,88,32
200,293,2745,409,2745,88,32
200,293,2746,409,2746,88,32
200,293,2747,409,2747,88,32
200,293,2748,409,2748,88,32
200,293,2749,409,2749,88,32
200,293,2750,409,2750,88,32
200,293,2751,409,2751,88,32
200,293,2752,409,2752,88,32
200,293,2753,409,2753,88,32
200,293,2754,409,2754,88,32
200,293,2755,409,2755,88,32
200,293,2756,409,2756,88,32
200,293,2757,409,2757,88,32
200,293,2758,409,2758,88,32
200,293,2759,409,2759,88,32
200,293,2760,409,2760,88,32
200,293,2761,409,2761,88,32
200,293,2762,409,2762,88,32
200,293,2763,409,2763,88,32
200,293,2764,409,2764,88,32
200,293,2765,409,2765,88,32
200,293,2766,409,2766,88,32
200,293,2767,409,2767,88,32
200,293,2768,409,2768,88,32
200,293,2769,409,2769,88,32
200,293,2770,409,2770,88,32
200,293,2771,409,2771,88,32
200,293,2772,409,2772,88,32
200,293,2773,409,2773,88,32
200,293,2774,409,2774,88,32
200,293,2775,409,2775,88,32
200,293,2776,409,2776,88,32
200,293,2777,409,2777,88,32
200,293,2778,409,2778,88,32
200,293,2779,409,2779,88,32
200,293,2780,409,2780,88,32
200,293,2781,409,2781,88,32
200,293,2782,409,2782,88,32
200,293,2783,409,2783,88,32
200,293,2784,409,2784,88,32
200,293,2785,409,2785,88,32
200,293,2786,409,2786,88,32
200,293,2787,409,2787,88,32
200,293,2788,409,2788,88,32
200,293,2789,409,2789,88,32
200,293,2790,409,2790,88,32
200,293,2791,409,2791,88,32
200,293,2792,409,2792,88,32
200,293,2793,409,2793,88,32
200,293,2794,409,2794,88,32
200,293,2795,409,2795,88,32
200,293,2796,409,2796,88,32
200,293,2797,409,2797,88,32
200,293,2798,409,2798,88,32
200,293,2799,409,2799,88,32
200,293,2800,409,2800,88,32
200,293,2801,409,2801,88,32
200,293,2802,409,2802,88,32
200,293,2803,409,2803,88,32
200,293,2804,409,2804,88,32
200,293,2805,409,2805,88,32
200,293,2806,409,2806,88,32
200,293,2807,409,2807,88,32
200,293,2808,409,2808,88,32
200,293,2809,409,2809,88,32
200,293,2810,409,2810,88,32
200,293,2811,409,2811,88,32
200,293,2812,409,2812,88,32
201,293,2813,409,2813,88,32
202,293,2814,409,2814,88,32
203,293,2815,409,2815,88,32
204,293,2816,409,2816,88,32
204,293,2817,409,2817,88,32
204,293,2818,409,2818,88,32
204,293,2819,409,2819,88,32
205,293,2820,409,2820,88,32
205,293,2821,409,2821,88,32
205,293,2822,409,2822,88,32
205,293,2823,409,2823,88,32
205,293,2824,409,2824,88,32
206,293,2825,409,2825,88,32
206,293,2826,409,2826,88,32
207,293,2827,409,2827,88,32
208,293,2828,409,2828,88,32
208,293,2829,409,2829,88,32
208,293,2830,409,2830,88,32
208,293,2831,409,2831,88,32
208,293,2832,409,2832,88,32
209,293,2833,409,2833,88,32
210,293,2834,409,2834,88,32
210,293,2835,409,2835,88,32
210,293,2836,409,2836,88,32
210,293,2837,409,2837,88,32
210,293,2838,409,2838,88,32
211,293,2839,409,2839,88,32
211,293,2840,409,2840,88,32
208,293,2841,409,2841,88,32
206,293,2842,409,2842,88,32
203,293,2843,409,2843,88,32
200,293,2844,409,2844,88,32
200,293,2845,409,2845,88,32
200,293,2846,409,2846,88,32
200,293,2847,409,2847,88,32
200,293,2848,409,2848,88,32
200,293,2849,409,2849,88,32
200,293,2850,409,2850,88,32
200,293,2851,409,2851,88,32
200,293,2852,409,2852,88,32
200,293,2853,409,2853,88,32
200,293,2854,409,2854,88,32
200,293,2855,409,2855,88,32
200,293,2856,409,2856,88,32
200,293,2857,409,2857,88,32
200,293,2858,409,2858,88,32
200,293,2859,409,2859,88,32
200,293,2860,409,2860,88,32
200,293,2861,409,2861,88,31
200,293,2862,409,2862,88,30
200,293,2863,409,2863,88,29
200,293,2864,409,2864,88,28
201,293,2865,409,2865,88,28
202,293,2866,409,2866,88,28
203,293,2867,409,2867,88,28
203,293,2868,409,2868,88,28
203,293,2869,409,2869,88,28
203,293,2870,409,2870,88,28
203,293,2871,409,2871,88,28
204,293,2872,409,2872,88,28
204,293,2873,409,2873,88,28
204,293,2874,409,2874,88,28
204,293,2875,409,2875,88,28
204,293,2876,409,2876,88,28
205,293,2877,409,2877,88,28
205,293,2878,409,2878,88,28
206,293,2879,409,2879,88,28
207,293,2880,409,2880,88,28
207,293,2881,409,2881,88,28
207,293,2882,409,2882,88,28
207,293,2883,409,2883,88,28
207,293,2884,409,2884,88,28
208,293,2885,409,2885,88,28
209,293,2886,409,2886,88,28
209,293,2887,409,2887,88,28
209,293,2888,409,2888,88,28
209,293,2889,409,2889,88,28
209,293,2890,409,2890,88,28
210,293,2891,409,2891,88,28
210,293,2892,409,2892,88,28
207,293,2893,409,2893,88,28
205,293,2894,409,2894,88,28
202,293,2895,409,2895,88,28
200,293,2896,409,2896,88,28
200,293,2897,409,2897,88,28
200,293,2898,409,2898,88,28
200,293,2899,409,2899,88,28
200,293,2900,409,2900,88,28
200,293,2901,409,2901,88,28
200,293,2902,409,2902,88,28
200,293,2903,409,2903,88,28
200,293,2904,409,2904,88,28
200,293,2905,409,2905,88,28
200,293,2906,409,2906,88,28
200,293,2907,409,2907,88,28
200,293,2908,409,2908,88,28
200,293,2909,409,2909,88,28
200,293,2910,409,2910,88,28
200,293,2911,409,2911,88,28
200,293,2912,409,2912,88,28
200,293,2913,409,2913,88,27
200,293,2914,409,2914,88,27
200,293,2915,409,2915,88,27
200,293,2916,409,2916,88,27
200,293,2917,409,2917,88,27
200,293,2918,409,2918,88,27
200,293,2919,409,2919,88,27
201,293,2920,409,2920,88,27
201,293,2921,409,2921,88,27
201,293,2922,409,2922,88,27
201,293,2923,409,2923,88,27
201,293,2924,409,2924,88,27
201,293,2925,409,2925,88,27
201,293,2926,409,2926,88,27
202,293,2927,409,2927,88,27
202,293,2928,409,2928,88,27
203,293,2929,409,2929,88,27
203,293,2930,409,2930,88,27
204,293,2931,409,2931,88,27
205,293,2932,409,2932,88,27
205,293,2933,409,2933,88,27
206,293,2934,409,2934,88,27
206,293,2935,409,2935,88,27
206,293,2936,409,2936,88,27
207,293,2937,409,2937,88,27
208,293,2938,409,2938,88,27
208,293,2939,409,2939,88,27
208,293,2940,409,2940,88,27
208,293,2941,409,2941,88,27
208,293,2942,409,2942,88,27
209,293,2943,409,2943,88,27
209,293,2944,409,2944,88,27
207,293,2945,409,2945,88,27
205,293,2946,409,2946,88,27
202,293,2947,409,2947,88,27
200,293,2948,409,2948,88,27
200,293,2949,409,2949,88,27
200,293,2950,409,2950,88,27
200,293,2951,409,2951,88,27
200,293,2952,409,2952,88,27
200,293,2953,409,2953,88,27
200,293,2954,409,2954,88,27
200,293,2955,409,2955,88,27
200,293,2956,409,2956,88,27
200,293,2957,409,2957,88,27
200,293,2958,409,2958,88,27
200,293,2959,409,2959,88,27
200,293,2960,409,2960,88,27
200,293,2961,409,2961,88,27
200,293,2962,409,2962,88,27
200,293,2963,409,2963,88,27
200,293,2964,409,2964,88,27
200,293,2965,409,2965,88,26
200,293,2966,409,2966,88,26
200,293,2967,409,2967,88,26
200,293,2968,409,2968,88,26
200,293,2969,409,2969,88,26
200,293,2970,409,2970,88,26
201,293,2971,409,2971,88,26
201,293,2972,409,2972,88,26
201,293,2973,409,2973,88,26
201,293,2974,409,2974,88,26
201,293,2975,409,2975,88,26
201,293,2976,409,2976,88,26
201,293,2977,409,2977,88,26
201,293,2978,409,2978,88,26
201,293,2979,409,2979,88,26
201,293,2980,409,2980,88,26
202,293,2981,409,2981,88,26
202,293,2982,409,2982,88,26
203,293,2983,409,2983,88,26
204,293,2984,409,2984,88,26
204,293,2985,409,2985,88,26
205,293,2986,409,2986,88,26
205,293,2987,409,2987,88,26
206,293,2988,409,2988,88,26
207,293,2989,409,2989,88,26
208,293,2990,409,2990,88,26
208,293,2991,409,2991,88,26
208,293,2992,409,2992,88,26
208,293,2993,409,2993,88,26
208,293,2994,409,2994,88,26
209,293,2995,409,2995,88,26
209,293,2996,409,2996,88,26
207,293,2997,409,2997,88,26
205,293,2998,409,2998,88,26
202,293,2999,409,2999,88,25
200,293,3000,409,3000,88,25
200,293,3001,409,3001,88,25
200,293,3002,409,3002,88,25
200,293,3003,409,3003,88,25
200,293,3004,409,3004,88,25
200,293,3005,409,3005,88,25
200,293,3006,409,3006,88,25
200,293,3007,409,3007,88,25
200,293,3008,409,3008,88,25
200,293,3009,409,3009,88,25
200,293,3010,409,3010,88,25
200,293,3011,409,3011,88,25
200,293,3012,409,3012,88,25
200,293,3013,409,3013,88,25
200,293,3014,409,3014,88,25
200,293,3015,409,3015,88,25
200,293,3016,409,3016,88,25
200,293,3017,409,3017,88,25
200,293,3018,409,3018,88,24
200,293,3019,409,3019,88,23
200,293,3020,409,3020,88,22
201,293,3021,409,3021,88,22
201,293,3022,409,3022,88,22
202,293,3023,409,3023,88,22
203,293,3024,409,3024,88,22
203,293,3025,409,3025,88,22
203,293,3026,409,3026,88,22
203,293,3027,409,3027,88,22
203,293,3028,409,3028,88,22
203,293,3029,409,3029,88,22
203,293,3030,409,3030,88,22
203,293,3031,409,3031,88,22
203,293,3032,409,3032,88,22
203,293,3033,409,3033,88,22
203,293,3034,409,3034,88,22
203,293,3035,409,3035,88,22
203,293,3036,409,3036,88,22
203,293,3037,409,3037,88,22
204,293,3038,409,3038,88,22
204,293,3039,409,3039,88,22
205,293,3040,409,3040,88,22
206,293,3041,409,3041,88,22
207,293,3042,409,3042,88,22
207,293,3043,409,3043,88,22
207,293,3044,409,3044,88,22
207,293,3045,409,3045,88,22
207,293,3046,409,3046,88,22
208,293,3047,409,3047,88,22
208,293,3048,409,3048,88,22
206,293,3049,409,3049,88,22
204,293,3050,409,3050,88,22
202,293,3051,409,3051,88,22
200,293,3052,409,3052,88,22
200,293,3053,409,3053,88,22
200,293,3054,409,3054,88,22
200,293,3055,409,3055,88,22
200,293,3056,409,3056,88,22
200,293,3057,409,3057,88,22
200,293,3058,409,3058,88,22
200,293,3059,409,3059,88,22
200,293,3060,409,3060,88,22
200,293,3061,409,3061,88,22
200,293,3062,409,3062,88,22
200,293,3063,409,3063,88,22
200,293,3064,409,3064,88,22
200,293,3065,409,3065,88,22
200,293,3066,409,3066,88,22
200,293,3067,409,3067,88,22
200,293,3068,409,3068,88,22
200,293,3069,409,3069,88,21
200,293,3070,409,3070,88,20
200,293,3071,409,3071,88,19
200,293,3072,409,3072,88,18
200,293,3073,409,3073,88,18
201,293,3074,409,3074,88,18
201,293,3075,409,3075,88,18
202,293,3076,409,3076,88,18
202,293,3077,409,3077,88,18
202,293,3078,409,3078,88,18
202,293,3079,409,3079,88,18
202,293,3080,409,3080,88,18
202,293,3081,409,3081,88,18
202,293,3082,409,3082,88,18
202,293,3083,409,3083,88,18
202,293,3084,409,3084,88,18
202,293,3085,409,3085,88,18
202,293,3086,409,3086,88,18
202,293,3087,409,3087,88,18
202,293,3088,409,3088,88,18
202,293,3089,409,3089,88,18
202,293,3090,409,3090,88,18
202,293,3091,409,3091,88,18
202,293,3092,409,3092,88,18
203,293,3093,409,3093,88,18
204,293,3094,409,3094,88,18
204,293,3095,409,3095,88,18
204,293,3096,409,3096,88,18
204,293,3097,409,3097,88,18
204,293,3098,409,3098,88,18
205,293,3099,409,3099,88,18
205,293,3100,409,3100,88,18
204,293,3101,409,3101,88,18
202,293,3102,409,3102,88,18
201,293,3103,409,3103,88,18
200,293,3104,409,3104,88,17
200,293,3105,409,3105,88,17
200,293,3106,409,3106,88,17
200,293,3107,409,3107,88,17
200,293,3108,409,3108,88,17
200,293,3109,409,3109,88,17
200,293,3110,409,3110,88,17
200,293,3111,409,3111,88,17
200,293,3112,409,3112,88,17
200,293,3113,409,3113,88,17
200,293,3114,409,3114,88,17
200,293,3115,409,3115,88,17
200,293,3116,409,3116,88,17
200,293,3117,409,3117,88,17
200,293,3118,409,3118,88,17
200,293,3119,409,3119,88,17
200,293,3120,409,3120,88,17
200,293,3121,409,3121,88,16
200,293,3122,409,3122,88,15
200,293,3123,409,3123,88,14
200,293,3124,409,3124,88,13
201,293,3125,409,3125,88,13
202,293,3126,409,3126,88,13
202,293,3127,409,3127,88,13
202,293,3128,409,3128,88,13
202,293,3129,409,3129,88,13
202,293,3130,409,3130,88,13
202,293,3131,409,3131,88,13
202,293,3132,409,3132,88,13
202,293,3133,409,3133,88,13
202,293,3134,409,3134,88,13
202,293,3135,409,3135,88,13
202,293,3136,409,3136,88,13
202,293,3137,409,3137,88,13
202,293,3138,409,3138,88,13
202,293,3139,409,3139,88,13
202,293,3140,409,3140,88,13
202,293,3141,409,3141,88,13
202,293,3142,409,3142,88,13
202,293,3143,409,3143,88,13
202,293,3144,409,3144,88,13
202,293,3145,409,3145,88,13
202,293,3146,409,3146,88,13
202,293,3147,409,3147,88,13
202,293,3148,409,3148,88,13
202,293,3149,409,3149,88,13
203,293,3150,409,3150,88,13
204,293,3151,409,3151,88,13
204,293,3152,409,3152,88,13
203,293,3153,409,3153,88,13
201,293,3154,409,3154,88,13
200,293,3155,409,3155,88,13
200,293,3156,409,3156,88,13
200,293,3157,409,3157,88,13
200,293,3158,409,3158,88,13
200,293,3159,409,3159,88,13
200,293,3160,409,3160,88,13
200,293,3161,409,3161,88,13
200,293,3162,409,3162,88,13
200,293,3163,409,3163,88,13
200,293,3164,409,3164,88,13
200,293,3165,409,3165,88,13
200,293,3166,409,3166,88,13
200,293,3167,409,3167,88,13
200,293,3168,409,3168,88,13
200,293,3169,409,3169,88,13
200,293,3170,409,3170,88,13
200,293,3171,409,3171,88,13
200,293,3172,409,3172,88,13
200,293,3173,409,3173,88,12
200,293,3174,409,3174,88,11
200,293,3175,409,3175,88,10
200,293,3176,409,3176,88,9
200,293,3177,409,3177,88,9
201,293,3178,409,3178,88,9
202,293,3179,409,3179,88,9
202,293,3180,409,3180,88,9
202,293,3181,409,3181,88,9
202,293,3182,409,3182,88,9
202,293,3183,409,3183,88,9
202,293,3184,409,3184,88,9
202,293,3185,409,3185,88,9
202,293,3186,409,3186,88,9
202,293,3187,409,3187,88,9
202,293,3188,409,3188,88,9
202,293,3189,409,3189,88,9
202,293,3190,409,3190,88,9
202,293,3191,409,3191,88,9
202,293,3192,409,3192,88,9
202,293,3193,409,3193,88,9
202,293,3194,409,3194,88,9
202,293,3195,409,3195,88,9
202,293,3196,409,3196,88,9
202,293,3197,409,3197,88,9
202,293,3198,409,3198,88,9
202,293,3199,409,3199,88,9
202,293,3200,409,3200,88,9
202,293,3201,409,3201,88,9
202,293,3202,409,3202,88,9
202,293,3203,409,3203,88,9
202,293,3204,409,3204,88,9
202,293,3205,409,3205,88,9
201,293,3206,409,3206,88,8
200,293,3207,409,3207,88,8
200,293,3208,409,3208,88,8
200,293,3209,409,3209,88,8
200,293,3210,409,3210,88,8
200,293,3211,409,3211,88,8
200,293,3212,409,3212,88,8
200,293,3213,409,3213,88,8
200,293,3214,409,3214,88,8
200,293,3215,409,3215,88,8
200,293,3216,409,3216,88,8
200,293,3217,409,3217,88,8
200,293,3218,409,3218,88,8
200,293,3219,409,3219,88,8
200,293,3220,409,3220,88,8
200,293,3221,409,3221,88,8
200,293,3222,409,3222,88,8
200,293,3223,409,3223,88,8
200,293,3224,409,3224,88,8
200,293,3225,409,3225,88,8
200,293,3226,409,3226,88,8
200,293,3227,409,3227,88,8
200,293,3228,409,3228,88,8
200,293,3229,409,3229,88,8
200,293,3230,409,3230,88,8
200,293,3231,409,3231,88,8
200,293,3232,409,3232,88,8
200,293,3233,409,3233,88,7
200,293,3234,409,3234,88,6
200,293,3235,409,3235,88,5
200,293,3236,409,3236,88,4
